id_client,provincia,familia,segment_client,share_of_wallet_12m,dies_sense_compra,cicle_habitual_dies,potencial_anual_eur,z_score_retard,tipus_alerta,impacte_recuperable_eur,urgencia,motiu_explicat,score_prioritat
1000078910,Barcelona,Anestesia,promiscu,0.42,75,75.8,4546.72,-0.03,finestra_captura,2638.68,alta,Client promiscu de Anestesia (Share 12m: 42%). El seu cicle de compra és de 76 dies. Porta 75 dies sense comprar (-1 dies de coll). S'obre la seva finestra de reposició ara. Oportunitat per robar share a la competència.,5.27736
41482,Ciudad Real,Anestesia,en_risc,0.311,87,52.3,3410.04,1.33,caiguda_share,2349.78,alta,"Client en_risc de Anestesia (Share 12m: 31%). El seu cicle de compra és de 52 dies. Porta 87 dies sense comprar (35 dies de coll). Tenia share alt, però en els últims 3 mesos ha caigut substancialment.",4.69956
1000080678,Sta.Cruz Tenerife,Anestesia,promiscu,0.519,87,84.7,4546.72,0.05,finestra_captura,2188.2,alta,Client promiscu de Anestesia (Share 12m: 52%). El seu cicle de compra és de 85 dies. Porta 87 dies sense comprar (2 dies de coll). S'obre la seva finestra de reposició ara. Oportunitat per robar share a la competència.,4.376399999999999
41906,Ciudad Real,Anestesia,en_risc,0.381,84,46.1,3410.04,1.1,caiguda_share,2109.57,alta,"Client en_risc de Anestesia (Share 12m: 38%). El seu cicle de compra és de 46 dies. Porta 84 dies sense comprar (38 dies de coll). Tenia share alt, però en els últims 3 mesos ha caigut substancialment.",4.21914
1000100232,Madrid,Anestesia,en_risc,0.467,11,133.0,6820.08,-1.24,caiguda_share,3634.15,mitja,"Client en_risc de Anestesia (Share 12m: 47%). El seu cicle de compra és de 133 dies. Porta 11 dies sense comprar (-122 dies de coll). Tenia share alt, però en els últims 3 mesos ha caigut substancialment.",3.63415
42591,Ciudad Real,Anestesia,promiscu,0.293,84,86.8,2223.12,-0.05,finestra_captura,1571.3,alta,Client promiscu de Anestesia (Share 12m: 29%). El seu cicle de compra és de 87 dies. Porta 84 dies sense comprar (-3 dies de coll). S'obre la seva finestra de reposició ara. Oportunitat per robar share a la competència.,3.1426
1000075662,Sta.Cruz Tenerife,Anestesia,promiscu,0.323,88,72.3,4546.72,0.37,reposicio_endarrerida,3078.88,mitja,Client promiscu de Anestesia (Share 12m: 32%). El seu cicle de compra és de 72 dies. Porta 88 dies sense comprar (16 dies de coll). ,3.0788800000000003
15351,Sta.Cruz Tenerife,Anestesia,en_risc,0.484,55,62.5,5683.4,-0.35,caiguda_share,2934.95,mitja,"Client en_risc de Anestesia (Share 12m: 48%). El seu cicle de compra és de 62 dies. Porta 55 dies sense comprar (-7 dies de coll). Tenia share alt, però en els últims 3 mesos ha caigut substancialment.",2.9349499999999997
12057,A Coruña,Anestesia,en_risc,0.701,63,44.5,4546.72,1.01,caiguda_share,1358.08,alta,"Client en_risc de Anestesia (Share 12m: 70%). El seu cicle de compra és de 44 dies. Porta 63 dies sense comprar (19 dies de coll). Tenia share alt, però en els últims 3 mesos ha caigut substancialment.",2.71616
17168,Málaga,Anestesia,en_risc,0.404,28,137.2,4546.72,-0.52,caiguda_share,2708.47,mitja,"Client en_risc de Anestesia (Share 12m: 40%). El seu cicle de compra és de 137 dies. Porta 28 dies sense comprar (-109 dies de coll). Tenia share alt, però en els últims 3 mesos ha caigut substancialment.",2.7084699999999997
37652,Toledo,Anestesia,en_risc,0.393,84,43.7,2223.12,1.52,caiguda_share,1350.44,alta,"Client en_risc de Anestesia (Share 12m: 39%). El seu cicle de compra és de 44 dies. Porta 84 dies sense comprar (40 dies de coll). Tenia share alt, però en els últims 3 mesos ha caigut substancialment.",2.70088
11348,Segovia,Anestesia,en_risc,0.531,41,93.2,5683.4,-0.97,caiguda_share,2663.0,mitja,"Client en_risc de Anestesia (Share 12m: 53%). El seu cicle de compra és de 93 dies. Porta 41 dies sense comprar (-52 dies de coll). Tenia share alt, però en els últims 3 mesos ha caigut substancialment.",2.663
28992,Sta.Cruz Tenerife,Anestesia,en_risc,0.441,45,61.3,4546.72,-0.45,caiguda_share,2540.13,mitja,"Client en_risc de Anestesia (Share 12m: 44%). El seu cicle de compra és de 61 dies. Porta 45 dies sense comprar (-16 dies de coll). Tenia share alt, però en els últims 3 mesos ha caigut substancialment.",2.54013
17963,Pontevedra,Anestesia,en_risc,0.722,46,54.7,9093.44,-0.55,caiguda_share,2530.53,mitja,"Client en_risc de Anestesia (Share 12m: 72%). El seu cicle de compra és de 55 dies. Porta 46 dies sense comprar (-9 dies de coll). Tenia share alt, però en els últims 3 mesos ha caigut substancialment.",2.53053
37656,Toledo,Anestesia,en_risc,0.432,87,35.3,2223.12,2.97,caiguda_share,1262.28,alta,"Client en_risc de Anestesia (Share 12m: 43%). El seu cicle de compra és de 35 dies. Porta 87 dies sense comprar (52 dies de coll). Tenia share alt, però en els últims 3 mesos ha caigut substancialment.",2.52456
11999,A Coruña,Bioseguridad,promiscu,0.656,27,12.6,6669.36,0.9,reposicio_endarrerida,2296.64,mitja,Client promiscu de Bioseguridad (Share 12m: 66%). El seu cicle de compra és de 13 dies. Porta 27 dies sense comprar (14 dies de coll). ,2.29664
42534,Jaén,Anestesia,en_risc,0.677,12,59.6,6820.08,-0.71,caiguda_share,2201.96,mitja,"Client en_risc de Anestesia (Share 12m: 68%). El seu cicle de compra és de 60 dies. Porta 12 dies sense comprar (-48 dies de coll). Tenia share alt, però en els últims 3 mesos ha caigut substancialment.",2.20196
26192,Girona,Anestesia,en_risc,0.728,27,37.2,7956.76,-0.52,caiguda_share,2164.15,mitja,"Client en_risc de Anestesia (Share 12m: 73%). El seu cicle de compra és de 37 dies. Porta 27 dies sense comprar (-10 dies de coll). Tenia share alt, però en els últims 3 mesos ha caigut substancialment.",2.1641500000000002
24622,Cádiz,Bioseguridad,en_risc,0.677,82,52.5,3334.68,1.39,caiguda_share,1076.76,alta,"Client en_risc de Bioseguridad (Share 12m: 68%). El seu cicle de compra és de 53 dies. Porta 82 dies sense comprar (29 dies de coll). Tenia share alt, però en els últims 3 mesos ha caigut substancialment.",2.15352
30618,Vizcaya,Anestesia,en_risc,0.532,83,155.9,4546.72,-0.76,caiguda_share,2126.16,mitja,"Client en_risc de Anestesia (Share 12m: 53%). El seu cicle de compra és de 156 dies. Porta 83 dies sense comprar (-73 dies de coll). Tenia share alt, però en els últims 3 mesos ha caigut substancialment.",2.12616
38500,Ciudad Real,Anestesia,en_risc,0.527,87,35.7,2223.12,2.77,caiguda_share,1052.23,alta,"Client en_risc de Anestesia (Share 12m: 53%). El seu cicle de compra és de 36 dies. Porta 87 dies sense comprar (51 dies de coll). Tenia share alt, però en els últims 3 mesos ha caigut substancialment.",2.10446
24046,Almería,Anestesia,en_risc,0.393,59,123.1,3410.04,-0.52,caiguda_share,2068.94,mitja,"Client en_risc de Anestesia (Share 12m: 39%). El seu cicle de compra és de 123 dies. Porta 59 dies sense comprar (-64 dies de coll). Tenia share alt, però en els últims 3 mesos ha caigut substancialment.",2.06894
1000082766,Madrid,Anestesia,promiscu,0.423,81,65.9,3410.04,0.7,reposicio_endarrerida,1966.56,mitja,Client promiscu de Anestesia (Share 12m: 42%). El seu cicle de compra és de 66 dies. Porta 81 dies sense comprar (15 dies de coll). ,1.9665599999999999
7412,Madrid,Anestesia,en_risc,0.425,80,71.8,3410.04,0.16,caiguda_share,1962.03,mitja,"Client en_risc de Anestesia (Share 12m: 42%). El seu cicle de compra és de 72 dies. Porta 80 dies sense comprar (8 dies de coll). Tenia share alt, però en els últims 3 mesos ha caigut substancialment.",1.96203
41053,Sta.Cruz Tenerife,Anestesia,en_risc,0.445,26,127.7,3410.04,-0.88,caiguda_share,1892.54,mitja,"Client en_risc de Anestesia (Share 12m: 45%). El seu cicle de compra és de 128 dies. Porta 26 dies sense comprar (-102 dies de coll). Tenia share alt, però en els últims 3 mesos ha caigut substancialment.",1.89254
2373,Sta.Cruz Tenerife,Anestesia,en_risc,0.445,84,325.8,3410.04,-1.02,caiguda_share,1892.54,mitja,"Client en_risc de Anestesia (Share 12m: 45%). El seu cicle de compra és de 326 dies. Porta 84 dies sense comprar (-242 dies de coll). Tenia share alt, però en els últims 3 mesos ha caigut substancialment.",1.89254
42293,Ciudad Real,Anestesia,en_risc,0.576,87,46.7,2223.12,1.52,caiguda_share,942.0,alta,"Client en_risc de Anestesia (Share 12m: 58%). El seu cicle de compra és de 47 dies. Porta 87 dies sense comprar (40 dies de coll). Tenia share alt, però en els últims 3 mesos ha caigut substancialment.",1.884
39951,Alicante,Anestesia,promiscu,0.448,75,58.9,3410.04,0.76,reposicio_endarrerida,1883.65,mitja,Client promiscu de Anestesia (Share 12m: 45%). El seu cicle de compra és de 59 dies. Porta 75 dies sense comprar (16 dies de coll). ,1.88365
24622,Cádiz,Anestesia,promiscu,0.736,82,78.9,6820.08,0.1,reposicio_endarrerida,1800.62,mitja,Client promiscu de Anestesia (Share 12m: 74%). El seu cicle de compra és de 79 dies. Porta 82 dies sense comprar (3 dies de coll). ,1.8006199999999999
15196,Sta.Cruz Tenerife,Anestesia,promiscu,0.606,33,24.0,4546.72,0.48,reposicio_endarrerida,1792.92,mitja,Client promiscu de Anestesia (Share 12m: 61%). El seu cicle de compra és de 24 dies. Porta 33 dies sense comprar (9 dies de coll). ,1.79292
40193,León,Anestesia,en_risc,0.477,45,307.0,3410.04,-1.69,caiguda_share,1784.83,mitja,"Client en_risc de Anestesia (Share 12m: 48%). El seu cicle de compra és de 307 dies. Porta 45 dies sense comprar (-262 dies de coll). Tenia share alt, però en els últims 3 mesos ha caigut substancialment.",1.78483
36967,Valencia,Anestesia,en_risc,0.485,55,211.9,3410.04,-1.22,caiguda_share,1757.18,mitja,"Client en_risc de Anestesia (Share 12m: 48%). El seu cicle de compra és de 212 dies. Porta 55 dies sense comprar (-157 dies de coll). Tenia share alt, però en els últims 3 mesos ha caigut substancialment.",1.75718
42733,Córdoba,Anestesia,promiscu,0.502,87,78.1,3410.04,0.17,reposicio_endarrerida,1697.36,mitja,Client promiscu de Anestesia (Share 12m: 50%). El seu cicle de compra és de 78 dies. Porta 87 dies sense comprar (9 dies de coll). ,1.69736
1000082137,Madrid,Bioseguridad,en_risc,0.644,67,123.5,4446.24,-0.6,caiguda_share,1584.06,mitja,"Client en_risc de Bioseguridad (Share 12m: 64%). El seu cicle de compra és de 123 dies. Porta 67 dies sense comprar (-56 dies de coll). Tenia share alt, però en els últims 3 mesos ha caigut substancialment.",1.58406
39038,Ciudad Real,Anestesia,en_risc,0.645,87,34.5,2223.12,3.28,caiguda_share,789.96,alta,"Client en_risc de Anestesia (Share 12m: 64%). El seu cicle de compra és de 34 dies. Porta 87 dies sense comprar (52 dies de coll). Tenia share alt, però en els últims 3 mesos ha caigut substancialment.",1.57992
37655,Ciudad Real,Anestesia,promiscu,0.293,88,53.2,2223.12,0.97,reposicio_endarrerida,1571.35,mitja,Client promiscu de Anestesia (Share 12m: 29%). El seu cicle de compra és de 53 dies. Porta 88 dies sense comprar (35 dies de coll). ,1.5713499999999998
38577,Ciudad Real,Anestesia,en_risc,0.653,87,36.7,2223.12,2.07,caiguda_share,770.65,alta,"Client en_risc de Anestesia (Share 12m: 65%). El seu cicle de compra és de 37 dies. Porta 87 dies sense comprar (50 dies de coll). Tenia share alt, però en els últims 3 mesos ha caigut substancialment.",1.5413
1000100225,Jaén,Anestesia,promiscu,0.317,68,60.1,2223.12,0.14,reposicio_endarrerida,1517.84,mitja,Client promiscu de Anestesia (Share 12m: 32%). El seu cicle de compra és de 60 dies. Porta 68 dies sense comprar (8 dies de coll). ,1.5178399999999999
11154,Zaragoza,Anestesia,en_risc,0.558,48,115.3,3410.04,-1.8,caiguda_share,1507.9,mitja,"Client en_risc de Anestesia (Share 12m: 56%). El seu cicle de compra és de 115 dies. Porta 48 dies sense comprar (-67 dies de coll). Tenia share alt, però en els últims 3 mesos ha caigut substancialment.",1.5079
1000100163,Zaragoza,Anestesia,en_risc,0.33,82,84.3,2223.12,-0.04,caiguda_share,1490.26,mitja,"Client en_risc de Anestesia (Share 12m: 33%). El seu cicle de compra és de 84 dies. Porta 82 dies sense comprar (-2 dies de coll). Tenia share alt, però en els últims 3 mesos ha caigut substancialment.",1.49026
1000079745,Madrid,Anestesia,en_risc,0.564,40,97.7,3410.04,-0.29,caiguda_share,1487.86,mitja,"Client en_risc de Anestesia (Share 12m: 56%). El seu cicle de compra és de 98 dies. Porta 40 dies sense comprar (-58 dies de coll). Tenia share alt, però en els últims 3 mesos ha caigut substancialment.",1.48786
38501,Toledo,Anestesia,promiscu,0.334,81,42.2,2223.12,1.31,reposicio_endarrerida,1480.23,mitja,Client promiscu de Anestesia (Share 12m: 33%). El seu cicle de compra és de 42 dies. Porta 81 dies sense comprar (39 dies de coll). ,1.48023
1000101036,Barcelona,Anestesia,en_risc,0.677,77,87.2,4546.72,-0.25,caiguda_share,1467.73,mitja,"Client en_risc de Anestesia (Share 12m: 68%). El seu cicle de compra és de 87 dies. Porta 77 dies sense comprar (-10 dies de coll). Tenia share alt, però en els últims 3 mesos ha caigut substancialment.",1.46773
41126,Cáceres,Anestesia,en_risc,0.343,47,199.5,2223.12,-1.45,caiguda_share,1461.25,mitja,"Client en_risc de Anestesia (Share 12m: 34%). El seu cicle de compra és de 200 dies. Porta 47 dies sense comprar (-152 dies de coll). Tenia share alt, però en els últims 3 mesos ha caigut substancialment.",1.46125
1000080001,Guadalajara,Anestesia,en_risc,0.345,40,163.0,2223.12,-4.24,caiguda_share,1455.67,mitja,"Client en_risc de Anestesia (Share 12m: 35%). El seu cicle de compra és de 163 dies. Porta 40 dies sense comprar (-123 dies de coll). Tenia share alt, però en els últims 3 mesos ha caigut substancialment.",1.45567
42909,Toledo,Anestesia,promiscu,0.347,84,54.9,2223.12,1.08,reposicio_endarrerida,1452.78,mitja,Client promiscu de Anestesia (Share 12m: 35%). El seu cicle de compra és de 55 dies. Porta 84 dies sense comprar (29 dies de coll). ,1.45278
28215,Madrid,Anestesia,en_risc,0.675,87,48.6,2223.12,1.67,caiguda_share,722.35,alta,"Client en_risc de Anestesia (Share 12m: 68%). El seu cicle de compra és de 49 dies. Porta 87 dies sense comprar (38 dies de coll). Tenia share alt, però en els últims 3 mesos ha caigut substancialment.",1.4447
41644,Zamora,Anestesia,en_risc,0.352,28,163.1,2223.12,-1.59,caiguda_share,1439.62,mitja,"Client en_risc de Anestesia (Share 12m: 35%). El seu cicle de compra és de 163 dies. Porta 28 dies sense comprar (-135 dies de coll). Tenia share alt, però en els últims 3 mesos ha caigut substancialment.",1.43962
29747,Sta.Cruz Tenerife,Anestesia,en_risc,0.685,38,60.9,4546.72,-0.94,caiguda_share,1431.64,mitja,"Client en_risc de Anestesia (Share 12m: 69%). El seu cicle de compra és de 61 dies. Porta 38 dies sense comprar (-23 dies de coll). Tenia share alt, però en els últims 3 mesos ha caigut substancialment.",1.43164
11608,Castellón,Anestesia,en_risc,0.689,19,81.7,4546.72,-2.0,caiguda_share,1414.32,mitja,"Client en_risc de Anestesia (Share 12m: 69%). El seu cicle de compra és de 82 dies. Porta 19 dies sense comprar (-63 dies de coll). Tenia share alt, però en els últims 3 mesos ha caigut substancialment.",1.41432
1000078411,Huelva,Anestesia,en_risc,0.378,54,64.3,2223.12,-0.34,caiguda_share,1381.76,mitja,"Client en_risc de Anestesia (Share 12m: 38%). El seu cicle de compra és de 64 dies. Porta 54 dies sense comprar (-10 dies de coll). Tenia share alt, però en els últims 3 mesos ha caigut substancialment.",1.38176
11388,Madrid,Anestesia,en_risc,0.386,12,432.2,2223.12,-1.23,caiguda_share,1366.08,mitja,"Client en_risc de Anestesia (Share 12m: 39%). El seu cicle de compra és de 432 dies. Porta 12 dies sense comprar (-420 dies de coll). Tenia share alt, però en els últims 3 mesos ha caigut substancialment.",1.36608
31111,Madrid,Anestesia,en_risc,0.6,67,77.9,3410.04,-0.25,caiguda_share,1364.15,mitja,"Client en_risc de Anestesia (Share 12m: 60%). El seu cicle de compra és de 78 dies. Porta 67 dies sense comprar (-11 dies de coll). Tenia share alt, però en els últims 3 mesos ha caigut substancialment.",1.3641500000000002
39452,Toledo,Anestesia,en_risc,0.707,84,33.1,2223.12,3.66,caiguda_share,652.08,alta,"Client en_risc de Anestesia (Share 12m: 71%). El seu cicle de compra és de 33 dies. Porta 84 dies sense comprar (51 dies de coll). Tenia share alt, però en els últims 3 mesos ha caigut substancialment.",1.30416
1000074709,Pontevedra,Anestesia,en_risc,0.62,68,141.1,3410.04,-1.3,caiguda_share,1297.45,mitja,"Client en_risc de Anestesia (Share 12m: 62%). El seu cicle de compra és de 141 dies. Porta 68 dies sense comprar (-73 dies de coll). Tenia share alt, però en els últims 3 mesos ha caigut substancialment.",1.29745
42220,Madrid,Anestesia,en_risc,0.419,77,52.8,2223.12,0.58,caiguda_share,1292.48,mitja,"Client en_risc de Anestesia (Share 12m: 42%). El seu cicle de compra és de 53 dies. Porta 77 dies sense comprar (24 dies de coll). Tenia share alt, però en els últims 3 mesos ha caigut substancialment.",1.29248
42658,Madrid,Anestesia,en_risc,0.432,90,60.7,2223.12,0.95,caiguda_share,1262.28,mitja,"Client en_risc de Anestesia (Share 12m: 43%). El seu cicle de compra és de 61 dies. Porta 90 dies sense comprar (29 dies de coll). Tenia share alt, però en els últims 3 mesos ha caigut substancialment.",1.26228
1000101796,Zaragoza,Anestesia,promiscu,0.631,55,40.8,3410.04,1.1,reposicio_endarrerida,1257.6,mitja,Client promiscu de Anestesia (Share 12m: 63%). El seu cicle de compra és de 41 dies. Porta 55 dies sense comprar (14 dies de coll). ,1.2575999999999998
39949,Huelva,Anestesia,promiscu,0.444,76,61.7,2223.12,0.4,reposicio_endarrerida,1236.57,mitja,Client promiscu de Anestesia (Share 12m: 44%). El seu cicle de compra és de 62 dies. Porta 76 dies sense comprar (14 dies de coll). ,1.23657
1000076681,Sevilla,Anestesia,promiscu,0.642,87,77.7,3410.04,0.14,reposicio_endarrerida,1221.2,mitja,Client promiscu de Anestesia (Share 12m: 64%). El seu cicle de compra és de 78 dies. Porta 87 dies sense comprar (9 dies de coll). ,1.2212
1000100493,Asturias,Anestesia,en_risc,0.451,89,87.8,2223.12,0.02,caiguda_share,1220.58,mitja,"Client en_risc de Anestesia (Share 12m: 45%). El seu cicle de compra és de 88 dies. Porta 89 dies sense comprar (1 dies de coll). Tenia share alt, però en els últims 3 mesos ha caigut substancialment.",1.22058
42347,Málaga,Anestesia,en_risc,0.457,55,64.8,2223.12,-0.24,caiguda_share,1207.09,mitja,"Client en_risc de Anestesia (Share 12m: 46%). El seu cicle de compra és de 65 dies. Porta 55 dies sense comprar (-10 dies de coll). Tenia share alt, però en els últims 3 mesos ha caigut substancialment.",1.20709
2148,Pontevedra,Anestesia,en_risc,0.867,52,56.5,9093.44,-0.18,caiguda_share,1205.95,mitja,"Client en_risc de Anestesia (Share 12m: 87%). El seu cicle de compra és de 57 dies. Porta 52 dies sense comprar (-5 dies de coll). Tenia share alt, però en els últims 3 mesos ha caigut substancialment.",1.20595
42031,Toledo,Anestesia,en_risc,0.468,87,54.3,2223.12,0.94,caiguda_share,1182.21,mitja,"Client en_risc de Anestesia (Share 12m: 47%). El seu cicle de compra és de 54 dies. Porta 87 dies sense comprar (33 dies de coll). Tenia share alt, però en els últims 3 mesos ha caigut substancialment.",1.18221
41906,Ciudad Real,Bioseguridad,en_risc,0.294,84,68.3,1667.34,0.23,caiguda_share,1177.85,mitja,"Client en_risc de Bioseguridad (Share 12m: 29%). El seu cicle de compra és de 68 dies. Porta 84 dies sense comprar (16 dies de coll). Tenia share alt, però en els últims 3 mesos ha caigut substancialment.",1.1778499999999998
28399,Sta.Cruz Tenerife,Anestesia,en_risc,0.481,27,214.7,2223.12,-1.69,caiguda_share,1154.83,mitja,"Client en_risc de Anestesia (Share 12m: 48%). El seu cicle de compra és de 215 dies. Porta 27 dies sense comprar (-188 dies de coll). Tenia share alt, però en els últims 3 mesos ha caigut substancialment.",1.15483
43150,Madrid,Anestesia,en_risc,0.369,60,50.0,1802.36,0.79,caiguda_share,1137.95,mitja,"Client en_risc de Anestesia (Share 12m: 37%). El seu cicle de compra és de 50 dies. Porta 60 dies sense comprar (10 dies de coll). Tenia share alt, però en els últims 3 mesos ha caigut substancialment.",1.13795
11130,Zaragoza,Anestesia,en_risc,0.668,32,89.0,3410.04,-1.67,caiguda_share,1130.43,mitja,"Client en_risc de Anestesia (Share 12m: 67%). El seu cicle de compra és de 89 dies. Porta 32 dies sense comprar (-57 dies de coll). Tenia share alt, però en els últims 3 mesos ha caigut substancialment.",1.13043
6225,Madrid,Anestesia,en_risc,0.676,52,67.0,3410.04,-0.46,caiguda_share,1104.78,mitja,"Client en_risc de Anestesia (Share 12m: 68%). El seu cicle de compra és de 67 dies. Porta 52 dies sense comprar (-15 dies de coll). Tenia share alt, però en els últims 3 mesos ha caigut substancialment.",1.1047799999999999
1000077509,Madrid,Bioseguridad,promiscu,0.364,90,52.0,1667.34,1.49,reposicio_endarrerida,1059.75,mitja,Client promiscu de Bioseguridad (Share 12m: 36%). El seu cicle de compra és de 52 dies. Porta 90 dies sense comprar (38 dies de coll). ,1.05975
1000067950,Baleares,Anestesia,en_risc,0.815,48,76.7,5683.4,-1.09,caiguda_share,1050.35,mitja,"Client en_risc de Anestesia (Share 12m: 82%). El seu cicle de compra és de 77 dies. Porta 48 dies sense comprar (-29 dies de coll). Tenia share alt, però en els últims 3 mesos ha caigut substancialment.",1.05035
40294,Toledo,Bioseguridad,en_risc,0.373,87,74.0,1667.34,0.23,caiguda_share,1045.56,mitja,"Client en_risc de Bioseguridad (Share 12m: 37%). El seu cicle de compra és de 74 dies. Porta 87 dies sense comprar (13 dies de coll). Tenia share alt, però en els últims 3 mesos ha caigut substancialment.",1.04556
1000082742,Sta.Cruz Tenerife,Anestesia,en_risc,0.849,38,77.8,6820.08,-0.53,caiguda_share,1028.4,mitja,"Client en_risc de Anestesia (Share 12m: 85%). El seu cicle de compra és de 78 dies. Porta 38 dies sense comprar (-40 dies de coll). Tenia share alt, però en els últims 3 mesos ha caigut substancialment.",1.0284
1000101545,Madrid,Bioseguridad,promiscu,0.538,83,70.5,2223.12,0.65,reposicio_endarrerida,1026.79,mitja,Client promiscu de Bioseguridad (Share 12m: 54%). El seu cicle de compra és de 70 dies. Porta 83 dies sense comprar (12 dies de coll). ,1.0267899999999999
1000100519,Madrid,Anestesia,promiscu,0.54,77,49.5,2223.12,1.24,reposicio_endarrerida,1022.2,mitja,Client promiscu de Anestesia (Share 12m: 54%). El seu cicle de compra és de 50 dies. Porta 77 dies sense comprar (28 dies de coll). ,1.0222
1000101912,Guadalajara,Anestesia,en_risc,0.548,82,88.0,2223.12,-0.09,caiguda_share,1004.06,mitja,"Client en_risc de Anestesia (Share 12m: 55%). El seu cicle de compra és de 88 dies. Porta 82 dies sense comprar (-6 dies de coll). Tenia share alt, però en els últims 3 mesos ha caigut substancialment.",1.00406
41173,Cádiz,Anestesia,en_risc,0.712,42,82.9,3410.04,-0.98,caiguda_share,983.42,mitja,"Client en_risc de Anestesia (Share 12m: 71%). El seu cicle de compra és de 83 dies. Porta 42 dies sense comprar (-41 dies de coll). Tenia share alt, però en els últims 3 mesos ha caigut substancialment.",0.98342
2680,Madrid,Anestesia,en_risc,0.559,27,117.5,2223.12,-2.1,caiguda_share,979.5,mitja,"Client en_risc de Anestesia (Share 12m: 56%). El seu cicle de compra és de 117 dies. Porta 27 dies sense comprar (-90 dies de coll). Tenia share alt, però en els últims 3 mesos ha caigut substancialment.",0.9795
31252,Sevilla,Bioseguridad,en_risc,0.715,73,99.6,3334.68,-0.56,caiguda_share,949.54,mitja,"Client en_risc de Bioseguridad (Share 12m: 72%). El seu cicle de compra és de 100 dies. Porta 73 dies sense comprar (-27 dies de coll). Tenia share alt, però en els últims 3 mesos ha caigut substancialment.",0.9495399999999999
1000071342,Sta.Cruz Tenerife,Anestesia,en_risc,0.584,89,105.8,2223.12,-0.34,caiguda_share,924.01,mitja,"Client en_risc de Anestesia (Share 12m: 58%). El seu cicle de compra és de 106 dies. Porta 89 dies sense comprar (-17 dies de coll). Tenia share alt, però en els últims 3 mesos ha caigut substancialment.",0.92401
5853,Zaragoza,Anestesia,en_risc,0.738,48,118.9,3410.04,-0.52,caiguda_share,894.42,mitja,"Client en_risc de Anestesia (Share 12m: 74%). El seu cicle de compra és de 119 dies. Porta 48 dies sense comprar (-71 dies de coll). Tenia share alt, però en els últims 3 mesos ha caigut substancialment.",0.89442
1000100518,Madrid,Anestesia,en_risc,0.607,46,90.4,2223.12,-0.87,caiguda_share,872.95,mitja,"Client en_risc de Anestesia (Share 12m: 61%). El seu cicle de compra és de 90 dies. Porta 46 dies sense comprar (-44 dies de coll). Tenia share alt, però en els últims 3 mesos ha caigut substancialment.",0.87295
37656,Toledo,Bioseguridad,en_risc,0.599,87,42.1,1086.44,1.68,caiguda_share,435.94,alta,"Client en_risc de Bioseguridad (Share 12m: 60%). El seu cicle de compra és de 42 dies. Porta 87 dies sense comprar (45 dies de coll). Tenia share alt, però en els últims 3 mesos ha caigut substancialment.",0.87188
1000081979,Las Palmas,Anestesia,en_risc,0.745,59,84.4,3410.04,-0.68,caiguda_share,870.21,mitja,"Client en_risc de Anestesia (Share 12m: 74%). El seu cicle de compra és de 84 dies. Porta 59 dies sense comprar (-25 dies de coll). Tenia share alt, però en els últims 3 mesos ha caigut substancialment.",0.87021
11577,Sta.Cruz Tenerife,Anestesia,en_risc,0.745,11,104.3,3410.04,-1.31,caiguda_share,868.61,mitja,"Client en_risc de Anestesia (Share 12m: 75%). El seu cicle de compra és de 104 dies. Porta 11 dies sense comprar (-93 dies de coll). Tenia share alt, però en els últims 3 mesos ha caigut substancialment.",0.86861
38978,Madrid,Anestesia,en_risc,0.877,25,20.7,6820.08,0.23,caiguda_share,837.13,mitja,"Client en_risc de Anestesia (Share 12m: 88%). El seu cicle de compra és de 21 dies. Porta 25 dies sense comprar (4 dies de coll). Tenia share alt, però en els últims 3 mesos ha caigut substancialment.",0.83713
38612,Córdoba,Anestesia,en_risc,0.627,27,70.9,2223.12,-1.27,caiguda_share,829.29,mitja,"Client en_risc de Anestesia (Share 12m: 63%). El seu cicle de compra és de 71 dies. Porta 27 dies sense comprar (-44 dies de coll). Tenia share alt, però en els últims 3 mesos ha caigut substancialment.",0.82929
1000065616,Cuenca,Anestesia,en_risc,0.631,26,356.0,2223.12,-1.64,caiguda_share,819.82,mitja,"Client en_risc de Anestesia (Share 12m: 63%). El seu cicle de compra és de 356 dies. Porta 26 dies sense comprar (-330 dies de coll). Tenia share alt, però en els últims 3 mesos ha caigut substancialment.",0.8198200000000001
3346,Málaga,Anestesia,en_risc,0.651,68,299.2,2223.12,-1.49,caiguda_share,774.76,mitja,"Client en_risc de Anestesia (Share 12m: 65%). El seu cicle de compra és de 299 dies. Porta 68 dies sense comprar (-231 dies de coll). Tenia share alt, però en els últims 3 mesos ha caigut substancialment.",0.77476
16831,Madrid,Anestesia,en_risc,0.66,40,277.2,2223.12,-1.36,caiguda_share,755.64,mitja,"Client en_risc de Anestesia (Share 12m: 66%). El seu cicle de compra és de 277 dies. Porta 40 dies sense comprar (-237 dies de coll). Tenia share alt, però en els últims 3 mesos ha caigut substancialment.",0.75564
1000069298,Baleares,Bioseguridad,en_risc,0.781,41,41.1,3334.68,-0.0,caiguda_share,731.95,mitja,"Client en_risc de Bioseguridad (Share 12m: 78%). El seu cicle de compra és de 41 dies. Porta 41 dies sense comprar (-0 dies de coll). Tenia share alt, però en els últims 3 mesos ha caigut substancialment.",0.7319500000000001
1000078695,Barcelona,Anestesia,en_risc,0.675,17,61.1,2223.12,-1.39,caiguda_share,723.45,mitja,"Client en_risc de Anestesia (Share 12m: 67%). El seu cicle de compra és de 61 dies. Porta 17 dies sense comprar (-44 dies de coll). Tenia share alt, però en els últims 3 mesos ha caigut substancialment.",0.72345
41836,Ciudad Real,Anestesia,en_risc,0.79,83,46.0,3410.04,0.33,caiguda_share,714.88,mitja,"Client en_risc de Anestesia (Share 12m: 79%). El seu cicle de compra és de 46 dies. Porta 83 dies sense comprar (37 dies de coll). Tenia share alt, però en els últims 3 mesos ha caigut substancialment.",0.71488
1000067731,Valencia,Anestesia,en_risc,0.62,42,452.3,1802.36,-1.83,caiguda_share,684.46,mitja,"Client en_risc de Anestesia (Share 12m: 62%). El seu cicle de compra és de 452 dies. Porta 42 dies sense comprar (-410 dies de coll). Tenia share alt, però en els últims 3 mesos ha caigut substancialment.",0.6844600000000001
1000081145,Sta.Cruz Tenerife,Anestesia,en_risc,0.699,75,70.8,2223.12,0.13,caiguda_share,669.33,mitja,"Client en_risc de Anestesia (Share 12m: 70%). El seu cicle de compra és de 71 dies. Porta 75 dies sense comprar (4 dies de coll). Tenia share alt, però en els últims 3 mesos ha caigut substancialment.",0.6693300000000001
42494,Albacete,Bioseguridad,en_risc,0.392,73,79.1,1086.44,-0.16,caiguda_share,660.71,mitja,"Client en_risc de Bioseguridad (Share 12m: 39%). El seu cicle de compra és de 79 dies. Porta 73 dies sense comprar (-6 dies de coll). Tenia share alt, però en els últims 3 mesos ha caigut substancialment.",0.66071
33039,Valencia,Anestesia,en_risc,0.705,27,283.0,2223.12,-1.97,caiguda_share,656.42,mitja,"Client en_risc de Anestesia (Share 12m: 70%). El seu cicle de compra és de 283 dies. Porta 27 dies sense comprar (-256 dies de coll). Tenia share alt, però en els últims 3 mesos ha caigut substancialment.",0.65642
14635,Ávila,Anestesia,en_risc,0.637,5,160.4,1802.36,-2.12,caiguda_share,653.59,mitja,"Client en_risc de Anestesia (Share 12m: 64%). El seu cicle de compra és de 160 dies. Porta 5 dies sense comprar (-155 dies de coll). Tenia share alt, però en els últims 3 mesos ha caigut substancialment.",0.65359
1000080570,A Coruña,Anestesia,en_risc,0.906,90,50.8,3410.04,1.94,caiguda_share,322.23,alta,"Client en_risc de Anestesia (Share 12m: 91%). El seu cicle de compra és de 51 dies. Porta 90 dies sense comprar (39 dies de coll). Tenia share alt, però en els últims 3 mesos ha caigut substancialment.",0.64446
1000075869,Valencia,Anestesia,en_risc,0.818,49,81.5,3410.04,-0.95,caiguda_share,622.03,mitja,"Client en_risc de Anestesia (Share 12m: 82%). El seu cicle de compra és de 82 dies. Porta 49 dies sense comprar (-33 dies de coll). Tenia share alt, però en els últims 3 mesos ha caigut substancialment.",0.62203
42160,Madrid,Bioseguridad,en_risc,0.452,84,70.2,1086.44,0.19,caiguda_share,595.75,mitja,"Client en_risc de Bioseguridad (Share 12m: 45%). El seu cicle de compra és de 70 dies. Porta 84 dies sense comprar (14 dies de coll). Tenia share alt, però en els últims 3 mesos ha caigut substancialment.",0.59575
932,Valencia,Anestesia,en_risc,0.74,27,286.5,2223.12,-19.32,caiguda_share,577.6,mitja,"Client en_risc de Anestesia (Share 12m: 74%). El seu cicle de compra és de 286 dies. Porta 27 dies sense comprar (-260 dies de coll). Tenia share alt, però en els últims 3 mesos ha caigut substancialment.",0.5776
24279,Barcelona,Bioseguridad,en_risc,0.658,46,63.9,1667.34,-0.99,caiguda_share,570.39,mitja,"Client en_risc de Bioseguridad (Share 12m: 66%). El seu cicle de compra és de 64 dies. Porta 46 dies sense comprar (-18 dies de coll). Tenia share alt, però en els últims 3 mesos ha caigut substancialment.",0.57039
39037,Toledo,Anestesia,en_risc,0.748,87,58.8,2223.12,0.78,caiguda_share,560.8,mitja,"Client en_risc de Anestesia (Share 12m: 75%). El seu cicle de compra és de 59 dies. Porta 87 dies sense comprar (28 dies de coll). Tenia share alt, però en els últims 3 mesos ha caigut substancialment.",0.5608
1000101653,Málaga,Anestesia,en_risc,0.841,32,79.2,3410.04,-0.83,caiguda_share,541.58,mitja,"Client en_risc de Anestesia (Share 12m: 84%). El seu cicle de compra és de 79 dies. Porta 32 dies sense comprar (-47 dies de coll). Tenia share alt, però en els últims 3 mesos ha caigut substancialment.",0.5415800000000001
11415,Valencia,Anestesia,en_risc,0.848,62,245.8,3410.04,-1.09,caiguda_share,519.49,mitja,"Client en_risc de Anestesia (Share 12m: 85%). El seu cicle de compra és de 246 dies. Porta 62 dies sense comprar (-184 dies de coll). Tenia share alt, però en els últims 3 mesos ha caigut substancialment.",0.51949
42726,Almería,Anestesia,en_risc,0.849,26,69.4,3410.04,-0.97,caiguda_share,515.98,mitja,"Client en_risc de Anestesia (Share 12m: 85%). El seu cicle de compra és de 69 dies. Porta 26 dies sense comprar (-43 dies de coll). Tenia share alt, però en els últims 3 mesos ha caigut substancialment.",0.51598
39037,Toledo,Bioseguridad,en_risc,0.541,87,170.6,1086.44,-0.32,caiguda_share,498.38,mitja,"Client en_risc de Bioseguridad (Share 12m: 54%). El seu cicle de compra és de 171 dies. Porta 87 dies sense comprar (-84 dies de coll). Tenia share alt, però en els últims 3 mesos ha caigut substancialment.",0.49838
40383,Toledo,Bioseguridad,en_risc,0.541,84,89.8,1086.44,-0.11,caiguda_share,498.35,mitja,"Client en_risc de Bioseguridad (Share 12m: 54%). El seu cicle de compra és de 90 dies. Porta 84 dies sense comprar (-6 dies de coll). Tenia share alt, però en els últims 3 mesos ha caigut substancialment.",0.49835
16055,Madrid,Bioseguridad,promiscu,0.724,74,70.7,1667.34,0.04,reposicio_endarrerida,459.7,mitja,Client promiscu de Bioseguridad (Share 12m: 72%). El seu cicle de compra és de 71 dies. Porta 74 dies sense comprar (3 dies de coll). ,0.4597
42512,Madrid,Anestesia,en_risc,0.745,0,130.7,1802.36,-1.18,caiguda_share,458.87,mitja,"Client en_risc de Anestesia (Share 12m: 75%). El seu cicle de compra és de 131 dies. Porta 0 dies sense comprar (-131 dies de coll). Tenia share alt, però en els últims 3 mesos ha caigut substancialment.",0.45887
1000079421,Zaragoza,Anestesia,en_risc,0.797,41,93.2,2223.12,-0.82,caiguda_share,450.69,mitja,"Client en_risc de Anestesia (Share 12m: 80%). El seu cicle de compra és de 93 dies. Porta 41 dies sense comprar (-52 dies de coll). Tenia share alt, però en els últims 3 mesos ha caigut substancialment.",0.45069
1000100146,Sta.Cruz Tenerife,Anestesia,en_risc,0.817,88,119.8,2223.12,-0.34,caiguda_share,407.59,mitja,"Client en_risc de Anestesia (Share 12m: 82%). El seu cicle de compra és de 120 dies. Porta 88 dies sense comprar (-32 dies de coll). Tenia share alt, però en els últims 3 mesos ha caigut substancialment.",0.40758999999999995
1000101442,Sta.Cruz Tenerife,Anestesia,en_risc,0.831,41,82.8,2223.12,-1.69,caiguda_share,374.8,mitja,"Client en_risc de Anestesia (Share 12m: 83%). El seu cicle de compra és de 83 dies. Porta 41 dies sense comprar (-42 dies de coll). Tenia share alt, però en els últims 3 mesos ha caigut substancialment.",0.3748
37655,Ciudad Real,Bioseguridad,en_risc,0.659,88,65.5,1086.44,0.47,caiguda_share,370.93,mitja,"Client en_risc de Bioseguridad (Share 12m: 66%). El seu cicle de compra és de 65 dies. Porta 88 dies sense comprar (23 dies de coll). Tenia share alt, però en els últims 3 mesos ha caigut substancialment.",0.37093
8288,Madrid,Anestesia,en_risc,0.835,63,87.5,2223.12,-0.62,caiguda_share,367.47,mitja,"Client en_risc de Anestesia (Share 12m: 83%). El seu cicle de compra és de 88 dies. Porta 63 dies sense comprar (-24 dies de coll). Tenia share alt, però en els últims 3 mesos ha caigut substancialment.",0.36747
28477,Pontevedra,Anestesia,en_risc,0.835,7,96.8,2223.12,-1.42,caiguda_share,366.37,mitja,"Client en_risc de Anestesia (Share 12m: 84%). El seu cicle de compra és de 97 dies. Porta 7 dies sense comprar (-90 dies de coll). Tenia share alt, però en els últims 3 mesos ha caigut substancialment.",0.36637000000000003
9119,Alicante,Anestesia,en_risc,0.895,47,139.8,3410.04,-0.82,caiguda_share,359.73,mitja,"Client en_risc de Anestesia (Share 12m: 89%). El seu cicle de compra és de 140 dies. Porta 47 dies sense comprar (-93 dies de coll). Tenia share alt, però en els últims 3 mesos ha caigut substancialment.",0.35973
1000101642,Cádiz,Anestesia,en_risc,0.899,48,74.8,3410.04,-0.52,caiguda_share,345.01,mitja,"Client en_risc de Anestesia (Share 12m: 90%). El seu cicle de compra és de 75 dies. Porta 48 dies sense comprar (-27 dies de coll). Tenia share alt, però en els últims 3 mesos ha caigut substancialment.",0.34501
19531,Murcia,Bioseguridad,en_risc,0.802,76,91.4,1667.34,-0.2,caiguda_share,330.11,mitja,"Client en_risc de Bioseguridad (Share 12m: 80%). El seu cicle de compra és de 91 dies. Porta 76 dies sense comprar (-15 dies de coll). Tenia share alt, però en els últims 3 mesos ha caigut substancialment.",0.33011
1000076487,Madrid,Anestesia,en_risc,0.869,28,251.6,2223.12,-0.93,caiguda_share,291.77,mitja,"Client en_risc de Anestesia (Share 12m: 87%). El seu cicle de compra és de 252 dies. Porta 28 dies sense comprar (-224 dies de coll). Tenia share alt, però en els últims 3 mesos ha caigut substancialment.",0.29177
1000081093,Valencia,Anestesia,en_risc,0.916,28,125.9,3410.04,-1.69,caiguda_share,287.94,mitja,"Client en_risc de Anestesia (Share 12m: 92%). El seu cicle de compra és de 126 dies. Porta 28 dies sense comprar (-98 dies de coll). Tenia share alt, però en els últims 3 mesos ha caigut substancialment.",0.28794
42220,Madrid,Bioseguridad,en_risc,0.778,87,56.9,1086.44,0.51,caiguda_share,241.12,mitja,"Client en_risc de Bioseguridad (Share 12m: 78%). El seu cicle de compra és de 57 dies. Porta 87 dies sense comprar (30 dies de coll). Tenia share alt, però en els últims 3 mesos ha caigut substancialment.",0.24112
27375,Madrid,Anestesia,en_risc,0.936,18,158.0,3410.04,-1.33,caiguda_share,216.68,mitja,"Client en_risc de Anestesia (Share 12m: 94%). El seu cicle de compra és de 158 dies. Porta 18 dies sense comprar (-140 dies de coll). Tenia share alt, però en els últims 3 mesos ha caigut substancialment.",0.21668
1000077884,Cuenca,Anestesia,en_risc,0.91,53,102.6,2223.12,-0.92,caiguda_share,200.42,mitja,"Client en_risc de Anestesia (Share 12m: 91%). El seu cicle de compra és de 103 dies. Porta 53 dies sense comprar (-50 dies de coll). Tenia share alt, però en els últims 3 mesos ha caigut substancialment.",0.20042
1000101025,Ciudad Real,Anestesia,en_risc,0.922,60,79.9,2223.12,-0.49,caiguda_share,173.32,mitja,"Client en_risc de Anestesia (Share 12m: 92%). El seu cicle de compra és de 80 dies. Porta 60 dies sense comprar (-20 dies de coll). Tenia share alt, però en els últims 3 mesos ha caigut substancialment.",0.17332
1000100337,Málaga,Anestesia,en_risc,0.96,55,77.5,3410.04,-1.11,caiguda_share,137.53,mitja,"Client en_risc de Anestesia (Share 12m: 96%). El seu cicle de compra és de 77 dies. Porta 55 dies sense comprar (-22 dies de coll). Tenia share alt, però en els últims 3 mesos ha caigut substancialment.",0.13753
37521,Valencia,Anestesia,en_risc,0.966,19,46.5,3410.04,-1.07,caiguda_share,116.05,mitja,"Client en_risc de Anestesia (Share 12m: 97%). El seu cicle de compra és de 46 dies. Porta 19 dies sense comprar (-27 dies de coll). Tenia share alt, però en els últims 3 mesos ha caigut substancialment.",0.11605
38577,Ciudad Real,Bioseguridad,en_risc,0.902,87,65.2,1086.44,0.23,caiguda_share,106.27,mitja,"Client en_risc de Bioseguridad (Share 12m: 90%). El seu cicle de compra és de 65 dies. Porta 87 dies sense comprar (22 dies de coll). Tenia share alt, però en els últims 3 mesos ha caigut substancialment.",0.10626999999999999
1000101023,Alicante,Anestesia,en_risc,0.96,34,68.5,2223.12,-2.28,caiguda_share,88.77,mitja,"Client en_risc de Anestesia (Share 12m: 96%). El seu cicle de compra és de 68 dies. Porta 34 dies sense comprar (-34 dies de coll). Tenia share alt, però en els últims 3 mesos ha caigut substancialment.",0.08877
1000079756,Teruel,Anestesia,en_risc,0.962,61,89.3,2223.12,-0.62,caiguda_share,84.96,mitja,"Client en_risc de Anestesia (Share 12m: 96%). El seu cicle de compra és de 89 dies. Porta 61 dies sense comprar (-28 dies de coll). Tenia share alt, però en els últims 3 mesos ha caigut substancialment.",0.08496
1000074113,Zaragoza,Anestesia,en_risc,0.979,47,57.7,3410.04,-0.4,caiguda_share,69.96,mitja,"Client en_risc de Anestesia (Share 12m: 98%). El seu cicle de compra és de 58 dies. Porta 47 dies sense comprar (-11 dies de coll). Tenia share alt, però en els últims 3 mesos ha caigut substancialment.",0.06996
1000077107,Barcelona,Anestesia,en_risc,0.974,56,143.5,2223.12,-1.58,caiguda_share,57.28,mitja,"Client en_risc de Anestesia (Share 12m: 97%). El seu cicle de compra és de 144 dies. Porta 56 dies sense comprar (-88 dies de coll). Tenia share alt, però en els últims 3 mesos ha caigut substancialment.",0.057280000000000005
1000081606,Madrid,Anestesia,en_risc,0.988,27,72.7,4546.72,-1.41,caiguda_share,55.51,mitja,"Client en_risc de Anestesia (Share 12m: 99%). El seu cicle de compra és de 73 dies. Porta 27 dies sense comprar (-46 dies de coll). Tenia share alt, però en els últims 3 mesos ha caigut substancialment.",0.05551
40074,Sevilla,Anestesia,en_risc,0.982,54,174.2,2223.12,-2.23,caiguda_share,39.31,mitja,"Client en_risc de Anestesia (Share 12m: 98%). El seu cicle de compra és de 174 dies. Porta 54 dies sense comprar (-120 dies de coll). Tenia share alt, però en els últims 3 mesos ha caigut substancialment.",0.039310000000000005
1000072234,Madrid,Anestesia,en_risc,0.995,56,85.2,3410.04,-0.38,caiguda_share,17.44,mitja,"Client en_risc de Anestesia (Share 12m: 99%). El seu cicle de compra és de 85 dies. Porta 56 dies sense comprar (-29 dies de coll). Tenia share alt, però en els últims 3 mesos ha caigut substancialment.",0.01744
40159,Madrid,Anestesia,en_risc,0.999,52,77.5,2223.12,-0.63,caiguda_share,3.31,mitja,"Client en_risc de Anestesia (Share 12m: 100%). El seu cicle de compra és de 77 dies. Porta 52 dies sense comprar (-25 dies de coll). Tenia share alt, però en els últims 3 mesos ha caigut substancialment.",0.00331
1000100484,Murcia,Anestesia,en_risc,1.204,0,132.7,2223.12,-4.04,caiguda_share,0.0,mitja,"Client en_risc de Anestesia (Share 12m: 120%). El seu cicle de compra és de 133 dies. Porta 0 dies sense comprar (-133 dies de coll). Tenia share alt, però en els últims 3 mesos ha caigut substancialment.",0.0
1000077455,A Coruña,Bioseguridad,en_risc,2.561,26,71.9,1086.44,-1.87,caiguda_share,0.0,mitja,"Client en_risc de Bioseguridad (Share 12m: 256%). El seu cicle de compra és de 72 dies. Porta 26 dies sense comprar (-46 dies de coll). Tenia share alt, però en els últims 3 mesos ha caigut substancialment.",0.0
1000080472,Sevilla,Bioseguridad,en_risc,1.314,54,69.2,1667.34,-0.62,caiguda_share,0.0,mitja,"Client en_risc de Bioseguridad (Share 12m: 131%). El seu cicle de compra és de 69 dies. Porta 54 dies sense comprar (-15 dies de coll). Tenia share alt, però en els últims 3 mesos ha caigut substancialment.",0.0
1000080968,Madrid,Anestesia,en_risc,1.247,55,71.4,2223.12,-0.55,caiguda_share,0.0,mitja,"Client en_risc de Anestesia (Share 12m: 125%). El seu cicle de compra és de 71 dies. Porta 55 dies sense comprar (-16 dies de coll). Tenia share alt, però en els últims 3 mesos ha caigut substancialment.",0.0
1000070145,Almería,Anestesia,en_risc,1.824,76,69.6,2223.12,0.2,caiguda_share,0.0,mitja,"Client en_risc de Anestesia (Share 12m: 182%). El seu cicle de compra és de 70 dies. Porta 76 dies sense comprar (6 dies de coll). Tenia share alt, però en els últims 3 mesos ha caigut substancialment.",0.0
1000081581,Madrid,Bioseguridad,en_risc,3.659,55,73.2,1086.44,-0.24,caiguda_share,0.0,mitja,"Client en_risc de Bioseguridad (Share 12m: 366%). El seu cicle de compra és de 73 dies. Porta 55 dies sense comprar (-18 dies de coll). Tenia share alt, però en els últims 3 mesos ha caigut substancialment.",0.0
1000080084,Madrid,Anestesia,en_risc,1.486,61,68.1,2223.12,-0.22,caiguda_share,0.0,mitja,"Client en_risc de Anestesia (Share 12m: 149%). El seu cicle de compra és de 68 dies. Porta 61 dies sense comprar (-7 dies de coll). Tenia share alt, però en els últims 3 mesos ha caigut substancialment.",0.0
1000076910,Vizcaya,Anestesia,en_risc,1.577,87,221.3,4546.72,-0.92,caiguda_share,0.0,mitja,"Client en_risc de Anestesia (Share 12m: 158%). El seu cicle de compra és de 221 dies. Porta 87 dies sense comprar (-134 dies de coll). Tenia share alt, però en els últims 3 mesos ha caigut substancialment.",0.0
1000101063,Castellón,Bioseguridad,en_risc,1.327,52,70.1,1667.34,-0.53,caiguda_share,0.0,mitja,"Client en_risc de Bioseguridad (Share 12m: 133%). El seu cicle de compra és de 70 dies. Porta 52 dies sense comprar (-18 dies de coll). Tenia share alt, però en els últims 3 mesos ha caigut substancialment.",0.0
1000101122,Alicante,Bioseguridad,en_risc,3.25,41,87.3,1667.34,-1.31,caiguda_share,0.0,mitja,"Client en_risc de Bioseguridad (Share 12m: 325%). El seu cicle de compra és de 87 dies. Porta 41 dies sense comprar (-46 dies de coll). Tenia share alt, però en els últims 3 mesos ha caigut substancialment.",0.0
1000077782,Badajoz,Anestesia,en_risc,1.594,28,60.6,2223.12,-0.8,caiguda_share,0.0,mitja,"Client en_risc de Anestesia (Share 12m: 159%). El seu cicle de compra és de 61 dies. Porta 28 dies sense comprar (-33 dies de coll). Tenia share alt, però en els últims 3 mesos ha caigut substancialment.",0.0
1000081567,Cuenca,Bioseguridad,en_risc,2.955,12,86.2,1086.44,-1.65,caiguda_share,0.0,mitja,"Client en_risc de Bioseguridad (Share 12m: 295%). El seu cicle de compra és de 86 dies. Porta 12 dies sense comprar (-74 dies de coll). Tenia share alt, però en els últims 3 mesos ha caigut substancialment.",0.0
1000075819,A Coruña,Bioseguridad,en_risc,1.318,40,72.0,1667.34,-0.98,caiguda_share,0.0,mitja,"Client en_risc de Bioseguridad (Share 12m: 132%). El seu cicle de compra és de 72 dies. Porta 40 dies sense comprar (-32 dies de coll). Tenia share alt, però en els últims 3 mesos ha caigut substancialment.",0.0
1000101629,Sevilla,Anestesia,en_risc,1.03,39,79.0,3410.04,-1.25,caiguda_share,0.0,mitja,"Client en_risc de Anestesia (Share 12m: 103%). El seu cicle de compra és de 79 dies. Porta 39 dies sense comprar (-40 dies de coll). Tenia share alt, però en els últims 3 mesos ha caigut substancialment.",0.0
1000072763,Madrid,Anestesia,en_risc,1.284,19,49.8,2223.12,-1.57,caiguda_share,0.0,mitja,"Client en_risc de Anestesia (Share 12m: 128%). El seu cicle de compra és de 50 dies. Porta 19 dies sense comprar (-31 dies de coll). Tenia share alt, però en els últims 3 mesos ha caigut substancialment.",0.0
1000072466,Las Palmas,Anestesia,en_risc,2.412,53,88.3,2223.12,-0.44,caiguda_share,0.0,mitja,"Client en_risc de Anestesia (Share 12m: 241%). El seu cicle de compra és de 88 dies. Porta 53 dies sense comprar (-35 dies de coll). Tenia share alt, però en els últims 3 mesos ha caigut substancialment.",0.0
1000072110,Sevilla,Anestesia,en_risc,1.346,39,65.1,5683.4,-0.79,caiguda_share,0.0,mitja,"Client en_risc de Anestesia (Share 12m: 135%). El seu cicle de compra és de 65 dies. Porta 39 dies sense comprar (-26 dies de coll). Tenia share alt, però en els últims 3 mesos ha caigut substancialment.",0.0
1000081198,Murcia,Anestesia,en_risc,2.844,76,129.8,1802.36,-0.43,caiguda_share,0.0,mitja,"Client en_risc de Anestesia (Share 12m: 284%). El seu cicle de compra és de 130 dies. Porta 76 dies sense comprar (-54 dies de coll). Tenia share alt, però en els últims 3 mesos ha caigut substancialment.",0.0
1000081236,Murcia,Anestesia,en_risc,1.44,59,103.9,2223.12,-0.61,caiguda_share,0.0,mitja,"Client en_risc de Anestesia (Share 12m: 144%). El seu cicle de compra és de 104 dies. Porta 59 dies sense comprar (-45 dies de coll). Tenia share alt, però en els últims 3 mesos ha caigut substancialment.",0.0
1000081268,Murcia,Anestesia,en_risc,2.987,55,73.4,2223.12,-0.62,caiguda_share,0.0,mitja,"Client en_risc de Anestesia (Share 12m: 299%). El seu cicle de compra és de 73 dies. Porta 55 dies sense comprar (-18 dies de coll). Tenia share alt, però en els últims 3 mesos ha caigut substancialment.",0.0
1000070492,Granada,Anestesia,en_risc,1.777,28,107.8,1802.36,-5.0,caiguda_share,0.0,mitja,"Client en_risc de Anestesia (Share 12m: 178%). El seu cicle de compra és de 108 dies. Porta 28 dies sense comprar (-80 dies de coll). Tenia share alt, però en els últims 3 mesos ha caigut substancialment.",0.0
1000070147,Zaragoza,Anestesia,en_risc,2.048,24,43.5,3410.04,-0.48,caiguda_share,0.0,mitja,"Client en_risc de Anestesia (Share 12m: 205%). El seu cicle de compra és de 43 dies. Porta 24 dies sense comprar (-19 dies de coll). Tenia share alt, però en els últims 3 mesos ha caigut substancialment.",0.0
1000076148,Madrid,Anestesia,en_risc,1.4,59,70.0,1802.36,-0.28,caiguda_share,0.0,mitja,"Client en_risc de Anestesia (Share 12m: 140%). El seu cicle de compra és de 70 dies. Porta 59 dies sense comprar (-11 dies de coll). Tenia share alt, però en els últims 3 mesos ha caigut substancialment.",0.0
1000078021,Valencia,Anestesia,en_risc,2.099,19,95.8,3410.04,-2.84,caiguda_share,0.0,mitja,"Client en_risc de Anestesia (Share 12m: 210%). El seu cicle de compra és de 96 dies. Porta 19 dies sense comprar (-77 dies de coll). Tenia share alt, però en els últims 3 mesos ha caigut substancialment.",0.0
1000100427,Madrid,Anestesia,en_risc,1.321,38,59.5,2223.12,-0.67,caiguda_share,0.0,mitja,"Client en_risc de Anestesia (Share 12m: 132%). El seu cicle de compra és de 60 dies. Porta 38 dies sense comprar (-22 dies de coll). Tenia share alt, però en els últims 3 mesos ha caigut substancialment.",0.0
1000082589,Cáceres,Anestesia,en_risc,1.524,56,79.3,2223.12,-0.72,caiguda_share,0.0,mitja,"Client en_risc de Anestesia (Share 12m: 152%). El seu cicle de compra és de 79 dies. Porta 56 dies sense comprar (-23 dies de coll). Tenia share alt, però en els últims 3 mesos ha caigut substancialment.",0.0
1000079144,Madrid,Bioseguridad,en_risc,1.678,52,89.1,1667.34,-1.16,caiguda_share,0.0,mitja,"Client en_risc de Bioseguridad (Share 12m: 168%). El seu cicle de compra és de 89 dies. Porta 52 dies sense comprar (-37 dies de coll). Tenia share alt, però en els últims 3 mesos ha caigut substancialment.",0.0
1000082665,Granada,Anestesia,en_risc,1.232,47,32.4,6820.08,0.5,caiguda_share,0.0,mitja,"Client en_risc de Anestesia (Share 12m: 123%). El seu cicle de compra és de 32 dies. Porta 47 dies sense comprar (15 dies de coll). Tenia share alt, però en els últims 3 mesos ha caigut substancialment.",0.0
1000079361,Guadalajara,Anestesia,en_risc,1.116,27,46.9,4546.72,-0.92,caiguda_share,0.0,mitja,"Client en_risc de Anestesia (Share 12m: 112%). El seu cicle de compra és de 47 dies. Porta 27 dies sense comprar (-20 dies de coll). Tenia share alt, però en els últims 3 mesos ha caigut substancialment.",0.0
1000082589,Cáceres,Bioseguridad,en_risc,2.369,56,88.7,1086.44,-0.74,caiguda_share,0.0,mitja,"Client en_risc de Bioseguridad (Share 12m: 237%). El seu cicle de compra és de 89 dies. Porta 56 dies sense comprar (-33 dies de coll). Tenia share alt, però en els últims 3 mesos ha caigut substancialment.",0.0
1000079384,Sevilla,Bioseguridad,en_risc,4.114,48,70.5,2223.12,-0.81,caiguda_share,0.0,mitja,"Client en_risc de Bioseguridad (Share 12m: 411%). El seu cicle de compra és de 70 dies. Porta 48 dies sense comprar (-22 dies de coll). Tenia share alt, però en els últims 3 mesos ha caigut substancialment.",0.0
1000081894,Las Palmas,Bioseguridad,en_risc,1.921,25,79.5,1667.34,-0.92,caiguda_share,0.0,mitja,"Client en_risc de Bioseguridad (Share 12m: 192%). El seu cicle de compra és de 80 dies. Porta 25 dies sense comprar (-54 dies de coll). Tenia share alt, però en els últims 3 mesos ha caigut substancialment.",0.0
1000082576,Barcelona,Bioseguridad,en_risc,3.881,45,32.9,1086.44,0.66,caiguda_share,0.0,mitja,"Client en_risc de Bioseguridad (Share 12m: 388%). El seu cicle de compra és de 33 dies. Porta 45 dies sense comprar (12 dies de coll). Tenia share alt, però en els últims 3 mesos ha caigut substancialment.",0.0
1000100391,Murcia,Bioseguridad,en_risc,1.338,48,83.6,1667.34,-1.43,caiguda_share,0.0,mitja,"Client en_risc de Bioseguridad (Share 12m: 134%). El seu cicle de compra és de 84 dies. Porta 48 dies sense comprar (-36 dies de coll). Tenia share alt, però en els últims 3 mesos ha caigut substancialment.",0.0
1000080237,Barcelona,Bioseguridad,en_risc,1.527,69,86.6,1667.34,-0.46,caiguda_share,0.0,mitja,"Client en_risc de Bioseguridad (Share 12m: 153%). El seu cicle de compra és de 87 dies. Porta 69 dies sense comprar (-18 dies de coll). Tenia share alt, però en els últims 3 mesos ha caigut substancialment.",0.0
1000081918,A Coruña,Anestesia,en_risc,1.143,53,109.9,2223.12,-0.75,caiguda_share,0.0,mitja,"Client en_risc de Anestesia (Share 12m: 114%). El seu cicle de compra és de 110 dies. Porta 53 dies sense comprar (-57 dies de coll). Tenia share alt, però en els últims 3 mesos ha caigut substancialment.",0.0
1000082576,Barcelona,Anestesia,en_risc,1.38,45,50.1,2223.12,-0.19,caiguda_share,0.0,mitja,"Client en_risc de Anestesia (Share 12m: 138%). El seu cicle de compra és de 50 dies. Porta 45 dies sense comprar (-5 dies de coll). Tenia share alt, però en els últims 3 mesos ha caigut substancialment.",0.0
1000079859,Asturias,Anestesia,en_risc,1.093,24,64.1,6820.08,-0.89,caiguda_share,0.0,mitja,"Client en_risc de Anestesia (Share 12m: 109%). El seu cicle de compra és de 64 dies. Porta 24 dies sense comprar (-40 dies de coll). Tenia share alt, però en els últims 3 mesos ha caigut substancialment.",0.0
1000082295,Madrid,Bioseguridad,en_risc,2.475,74,55.4,1667.34,0.62,caiguda_share,0.0,mitja,"Client en_risc de Bioseguridad (Share 12m: 248%). El seu cicle de compra és de 55 dies. Porta 74 dies sense comprar (19 dies de coll). Tenia share alt, però en els últims 3 mesos ha caigut substancialment.",0.0
1000082189,Madrid,Bioseguridad,en_risc,1.407,55,77.8,2223.12,-0.6,caiguda_share,0.0,mitja,"Client en_risc de Bioseguridad (Share 12m: 141%). El seu cicle de compra és de 78 dies. Porta 55 dies sense comprar (-23 dies de coll). Tenia share alt, però en els últims 3 mesos ha caigut substancialment.",0.0
1000082763,Sta.Cruz Tenerife,Anestesia,en_risc,1.309,32,152.9,2223.12,-1.7,caiguda_share,0.0,mitja,"Client en_risc de Anestesia (Share 12m: 131%). El seu cicle de compra és de 153 dies. Porta 32 dies sense comprar (-121 dies de coll). Tenia share alt, però en els últims 3 mesos ha caigut substancialment.",0.0
1000082776,Murcia,Anestesia,en_risc,1.355,0,151.4,2223.12,-1.29,caiguda_share,0.0,mitja,"Client en_risc de Anestesia (Share 12m: 135%). El seu cicle de compra és de 151 dies. Porta 0 dies sense comprar (-151 dies de coll). Tenia share alt, però en els últims 3 mesos ha caigut substancialment.",0.0
1000080375,Madrid,Bioseguridad,en_risc,2.202,28,115.2,1086.44,-0.81,caiguda_share,0.0,mitja,"Client en_risc de Bioseguridad (Share 12m: 220%). El seu cicle de compra és de 115 dies. Porta 28 dies sense comprar (-87 dies de coll). Tenia share alt, però en els últims 3 mesos ha caigut substancialment.",0.0
1000078897,Alicante,Anestesia,en_risc,2.193,48,65.4,1802.36,-0.79,caiguda_share,0.0,mitja,"Client en_risc de Anestesia (Share 12m: 219%). El seu cicle de compra és de 65 dies. Porta 48 dies sense comprar (-17 dies de coll). Tenia share alt, però en els últims 3 mesos ha caigut substancialment.",0.0
1000081870,Orense,Anestesia,en_risc,1.903,59,57.6,2223.12,0.06,caiguda_share,0.0,mitja,"Client en_risc de Anestesia (Share 12m: 190%). El seu cicle de compra és de 58 dies. Porta 59 dies sense comprar (1 dies de coll). Tenia share alt, però en els últims 3 mesos ha caigut substancialment.",0.0
1000078679,Tarragona,Anestesia,en_risc,1.203,54,82.8,2223.12,-0.83,caiguda_share,0.0,mitja,"Client en_risc de Anestesia (Share 12m: 120%). El seu cicle de compra és de 83 dies. Porta 54 dies sense comprar (-29 dies de coll). Tenia share alt, però en els últims 3 mesos ha caigut substancialment.",0.0
1000081769,Las Palmas,Bioseguridad,en_risc,3.624,45,47.8,2223.12,-0.07,caiguda_share,0.0,mitja,"Client en_risc de Bioseguridad (Share 12m: 362%). El seu cicle de compra és de 48 dies. Porta 45 dies sense comprar (-3 dies de coll). Tenia share alt, però en els últims 3 mesos ha caigut substancialment.",0.0
1000100002,Teruel,Bioseguridad,en_risc,2.212,25,115.1,1086.44,-1.74,caiguda_share,0.0,mitja,"Client en_risc de Bioseguridad (Share 12m: 221%). El seu cicle de compra és de 115 dies. Porta 25 dies sense comprar (-90 dies de coll). Tenia share alt, però en els últims 3 mesos ha caigut substancialment.",0.0
1000081454,Sevilla,Bioseguridad,en_risc,1.431,59,103.2,1667.34,-1.12,caiguda_share,0.0,mitja,"Client en_risc de Bioseguridad (Share 12m: 143%). El seu cicle de compra és de 103 dies. Porta 59 dies sense comprar (-44 dies de coll). Tenia share alt, però en els últims 3 mesos ha caigut substancialment.",0.0
1000078533,Cáceres,Anestesia,en_risc,1.089,89,335.6,2223.12,-1.06,caiguda_share,0.0,mitja,"Client en_risc de Anestesia (Share 12m: 109%). El seu cicle de compra és de 336 dies. Porta 89 dies sense comprar (-247 dies de coll). Tenia share alt, però en els últims 3 mesos ha caigut substancialment.",0.0
1000100276,Zaragoza,Bioseguridad,en_risc,1.155,54,99.0,1667.34,-0.78,caiguda_share,0.0,mitja,"Client en_risc de Bioseguridad (Share 12m: 116%). El seu cicle de compra és de 99 dies. Porta 54 dies sense comprar (-45 dies de coll). Tenia share alt, però en els últims 3 mesos ha caigut substancialment.",0.0
1000078385,Madrid,Bioseguridad,en_risc,1.444,54,107.1,1667.34,-0.83,caiguda_share,0.0,mitja,"Client en_risc de Bioseguridad (Share 12m: 144%). El seu cicle de compra és de 107 dies. Porta 54 dies sense comprar (-53 dies de coll). Tenia share alt, però en els últims 3 mesos ha caigut substancialment.",0.0
1000100313,Zaragoza,Anestesia,en_risc,1.034,19,49.4,2223.12,-1.31,caiguda_share,0.0,mitja,"Client en_risc de Anestesia (Share 12m: 103%). El seu cicle de compra és de 49 dies. Porta 19 dies sense comprar (-30 dies de coll). Tenia share alt, però en els últims 3 mesos ha caigut substancialment.",0.0
1000078257,Zaragoza,Anestesia,en_risc,1.55,26,44.8,2223.12,-0.39,caiguda_share,0.0,mitja,"Client en_risc de Anestesia (Share 12m: 155%). El seu cicle de compra és de 45 dies. Porta 26 dies sense comprar (-19 dies de coll). Tenia share alt, però en els últims 3 mesos ha caigut substancialment.",0.0
1000078021,Valencia,Bioseguridad,en_risc,2.173,19,91.8,1667.34,-1.42,caiguda_share,0.0,mitja,"Client en_risc de Bioseguridad (Share 12m: 217%). El seu cicle de compra és de 92 dies. Porta 19 dies sense comprar (-73 dies de coll). Tenia share alt, però en els últims 3 mesos ha caigut substancialment.",0.0
1000100321,Badajoz,Anestesia,en_risc,1.3,55,48.1,2223.12,0.41,caiguda_share,0.0,mitja,"Client en_risc de Anestesia (Share 12m: 130%). El seu cicle de compra és de 48 dies. Porta 55 dies sense comprar (7 dies de coll). Tenia share alt, però en els últims 3 mesos ha caigut substancialment.",0.0
1000082131,Barcelona,Anestesia,en_risc,1.776,59,52.4,2223.12,0.14,caiguda_share,0.0,mitja,"Client en_risc de Anestesia (Share 12m: 178%). El seu cicle de compra és de 52 dies. Porta 59 dies sense comprar (7 dies de coll). Tenia share alt, però en els últims 3 mesos ha caigut substancialment.",0.0
1000081565,Alicante,Anestesia,en_risc,1.209,66,81.9,2223.12,-0.29,caiguda_share,0.0,mitja,"Client en_risc de Anestesia (Share 12m: 121%). El seu cicle de compra és de 82 dies. Porta 66 dies sense comprar (-16 dies de coll). Tenia share alt, però en els últims 3 mesos ha caigut substancialment.",0.0
119,Sevilla,Anestesia,en_risc,1.371,46,159.0,3410.04,-1.05,caiguda_share,0.0,mitja,"Client en_risc de Anestesia (Share 12m: 137%). El seu cicle de compra és de 159 dies. Porta 46 dies sense comprar (-113 dies de coll). Tenia share alt, però en els últims 3 mesos ha caigut substancialment.",0.0
1000068599,Sta.Cruz Tenerife,Bioseguridad,en_risc,2.445,70,54.2,2223.12,0.38,caiguda_share,0.0,mitja,"Client en_risc de Bioseguridad (Share 12m: 245%). El seu cicle de compra és de 54 dies. Porta 70 dies sense comprar (16 dies de coll). Tenia share alt, però en els últims 3 mesos ha caigut substancialment.",0.0
31379,Madrid,Bioseguridad,en_risc,1.486,80,56.7,1667.34,0.59,caiguda_share,0.0,mitja,"Client en_risc de Bioseguridad (Share 12m: 149%). El seu cicle de compra és de 57 dies. Porta 80 dies sense comprar (23 dies de coll). Tenia share alt, però en els últims 3 mesos ha caigut substancialment.",0.0
24226,Barcelona,Anestesia,en_risc,1.093,25,115.0,2223.12,-2.03,caiguda_share,0.0,mitja,"Client en_risc de Anestesia (Share 12m: 109%). El seu cicle de compra és de 115 dies. Porta 25 dies sense comprar (-90 dies de coll). Tenia share alt, però en els últims 3 mesos ha caigut substancialment.",0.0
26898,Sta.Cruz Tenerife,Bioseguridad,en_risc,1.431,48,45.3,6113.58,0.08,caiguda_share,0.0,mitja,"Client en_risc de Bioseguridad (Share 12m: 143%). El seu cicle de compra és de 45 dies. Porta 48 dies sense comprar (3 dies de coll). Tenia share alt, però en els últims 3 mesos ha caigut substancialment.",0.0
27059,Málaga,Bioseguridad,en_risc,1.489,59,253.6,1086.44,-0.54,caiguda_share,0.0,mitja,"Client en_risc de Bioseguridad (Share 12m: 149%). El seu cicle de compra és de 254 dies. Porta 59 dies sense comprar (-195 dies de coll). Tenia share alt, però en els últims 3 mesos ha caigut substancialment.",0.0
27245,Cáceres,Anestesia,en_risc,2.772,40,102.9,2223.12,-0.32,caiguda_share,0.0,mitja,"Client en_risc de Anestesia (Share 12m: 277%). El seu cicle de compra és de 103 dies. Porta 40 dies sense comprar (-63 dies de coll). Tenia share alt, però en els últims 3 mesos ha caigut substancialment.",0.0
28992,Sta.Cruz Tenerife,Bioseguridad,en_risc,1.943,45,53.3,2223.12,-0.27,caiguda_share,0.0,mitja,"Client en_risc de Bioseguridad (Share 12m: 194%). El seu cicle de compra és de 53 dies. Porta 45 dies sense comprar (-8 dies de coll). Tenia share alt, però en els últims 3 mesos ha caigut substancialment.",0.0
29432,Huesca,Bioseguridad,en_risc,1.299,18,74.2,2223.12,-0.94,caiguda_share,0.0,mitja,"Client en_risc de Bioseguridad (Share 12m: 130%). El seu cicle de compra és de 74 dies. Porta 18 dies sense comprar (-56 dies de coll). Tenia share alt, però en els últims 3 mesos ha caigut substancialment.",0.0
30200,Madrid,Bioseguridad,en_risc,2.167,53,62.1,1667.34,-0.23,caiguda_share,0.0,mitja,"Client en_risc de Bioseguridad (Share 12m: 217%). El seu cicle de compra és de 62 dies. Porta 53 dies sense comprar (-9 dies de coll). Tenia share alt, però en els últims 3 mesos ha caigut substancialment.",0.0
30874,Ciudad Real,Bioseguridad,en_risc,4.873,27,65.8,1086.44,-1.08,caiguda_share,0.0,mitja,"Client en_risc de Bioseguridad (Share 12m: 487%). El seu cicle de compra és de 66 dies. Porta 27 dies sense comprar (-39 dies de coll). Tenia share alt, però en els últims 3 mesos ha caigut substancialment.",0.0
31142,Madrid,Anestesia,en_risc,4.307,45,48.6,3410.04,-0.26,caiguda_share,0.0,mitja,"Client en_risc de Anestesia (Share 12m: 431%). El seu cicle de compra és de 49 dies. Porta 45 dies sense comprar (-4 dies de coll). Tenia share alt, però en els últims 3 mesos ha caigut substancialment.",0.0
31142,Madrid,Bioseguridad,en_risc,4.008,45,44.9,1667.34,0.01,caiguda_share,0.0,mitja,"Client en_risc de Bioseguridad (Share 12m: 401%). El seu cicle de compra és de 45 dies. Porta 45 dies sense comprar (0 dies de coll). Tenia share alt, però en els últims 3 mesos ha caigut substancialment.",0.0
31701,Murcia,Bioseguridad,en_risc,1.344,82,91.0,1667.34,-0.15,caiguda_share,0.0,mitja,"Client en_risc de Bioseguridad (Share 12m: 134%). El seu cicle de compra és de 91 dies. Porta 82 dies sense comprar (-9 dies de coll). Tenia share alt, però en els últims 3 mesos ha caigut substancialment.",0.0
34515,Toledo,Bioseguridad,en_risc,4.06,28,55.5,1086.44,-1.13,caiguda_share,0.0,mitja,"Client en_risc de Bioseguridad (Share 12m: 406%). El seu cicle de compra és de 56 dies. Porta 28 dies sense comprar (-28 dies de coll). Tenia share alt, però en els últims 3 mesos ha caigut substancialment.",0.0
31861,Madrid,Bioseguridad,en_risc,3.309,6,38.5,1086.44,-2.39,caiguda_share,0.0,mitja,"Client en_risc de Bioseguridad (Share 12m: 331%). El seu cicle de compra és de 39 dies. Porta 6 dies sense comprar (-33 dies de coll). Tenia share alt, però en els últims 3 mesos ha caigut substancialment.",0.0
32000,Sta.Cruz Tenerife,Anestesia,en_risc,1.542,54,62.7,2223.12,-0.27,caiguda_share,0.0,mitja,"Client en_risc de Anestesia (Share 12m: 154%). El seu cicle de compra és de 63 dies. Porta 54 dies sense comprar (-9 dies de coll). Tenia share alt, però en els últims 3 mesos ha caigut substancialment.",0.0
32005,Madrid,Anestesia,en_risc,1.505,47,62.7,2223.12,-1.08,caiguda_share,0.0,mitja,"Client en_risc de Anestesia (Share 12m: 151%). El seu cicle de compra és de 63 dies. Porta 47 dies sense comprar (-16 dies de coll). Tenia share alt, però en els últims 3 mesos ha caigut substancialment.",0.0
32316,Málaga,Anestesia,en_risc,1.392,41,90.5,2223.12,-1.63,caiguda_share,0.0,mitja,"Client en_risc de Anestesia (Share 12m: 139%). El seu cicle de compra és de 91 dies. Porta 41 dies sense comprar (-50 dies de coll). Tenia share alt, però en els últims 3 mesos ha caigut substancialment.",0.0
32501,Las Palmas,Anestesia,fidel,2.136,88,44.3,4546.72,1.6,risc_fuga,0.0,mitja,Client fidel de Anestesia (Share 12m: 214%). El seu cicle de compra és de 44 dies. Porta 88 dies sense comprar (44 dies de coll). Possible inici de fuga.,0.0
32501,Las Palmas,Bioseguridad,en_risc,2.872,11,33.4,2223.12,-1.08,caiguda_share,0.0,mitja,"Client en_risc de Bioseguridad (Share 12m: 287%). El seu cicle de compra és de 33 dies. Porta 11 dies sense comprar (-22 dies de coll). Tenia share alt, però en els últims 3 mesos ha caigut substancialment.",0.0
32652,Pontevedra,Anestesia,en_risc,1.053,38,71.6,3410.04,-0.87,caiguda_share,0.0,mitja,"Client en_risc de Anestesia (Share 12m: 105%). El seu cicle de compra és de 72 dies. Porta 38 dies sense comprar (-34 dies de coll). Tenia share alt, però en els últims 3 mesos ha caigut substancialment.",0.0
33393,Madrid,Anestesia,en_risc,1.212,67,60.8,3410.04,0.3,caiguda_share,0.0,mitja,"Client en_risc de Anestesia (Share 12m: 121%). El seu cicle de compra és de 61 dies. Porta 67 dies sense comprar (6 dies de coll). Tenia share alt, però en els últims 3 mesos ha caigut substancialment.",0.0
33953,Almería,Anestesia,en_risc,1.266,59,56.8,5683.4,0.08,caiguda_share,0.0,mitja,"Client en_risc de Anestesia (Share 12m: 127%). El seu cicle de compra és de 57 dies. Porta 59 dies sense comprar (2 dies de coll). Tenia share alt, però en els últims 3 mesos ha caigut substancialment.",0.0
34391,Málaga,Bioseguridad,en_risc,3.296,45,59.1,1086.44,-0.62,caiguda_share,0.0,mitja,"Client en_risc de Bioseguridad (Share 12m: 330%). El seu cicle de compra és de 59 dies. Porta 45 dies sense comprar (-14 dies de coll). Tenia share alt, però en els últims 3 mesos ha caigut substancialment.",0.0
23908,Murcia,Bioseguridad,en_risc,1.615,45,73.6,1086.44,-0.77,caiguda_share,0.0,mitja,"Client en_risc de Bioseguridad (Share 12m: 162%). El seu cicle de compra és de 74 dies. Porta 45 dies sense comprar (-29 dies de coll). Tenia share alt, però en els últims 3 mesos ha caigut substancialment.",0.0
23112,Sta.Cruz Tenerife,Anestesia,en_risc,1.031,17,138.1,2223.12,-1.33,caiguda_share,0.0,mitja,"Client en_risc de Anestesia (Share 12m: 103%). El seu cicle de compra és de 138 dies. Porta 17 dies sense comprar (-121 dies de coll). Tenia share alt, però en els últims 3 mesos ha caigut substancialment.",0.0
22216,Albacete,Anestesia,en_risc,1.382,68,87.2,2223.12,-0.64,caiguda_share,0.0,mitja,"Client en_risc de Anestesia (Share 12m: 138%). El seu cicle de compra és de 87 dies. Porta 68 dies sense comprar (-19 dies de coll). Tenia share alt, però en els últims 3 mesos ha caigut substancialment.",0.0
20614,Sta.Cruz Tenerife,Bioseguridad,en_risc,1.583,46,98.1,1667.34,-1.16,caiguda_share,0.0,mitja,"Client en_risc de Bioseguridad (Share 12m: 158%). El seu cicle de compra és de 98 dies. Porta 46 dies sense comprar (-52 dies de coll). Tenia share alt, però en els últims 3 mesos ha caigut substancialment.",0.0
495,Valencia,Anestesia,en_risc,2.102,27,75.1,2223.12,-1.43,caiguda_share,0.0,mitja,"Client en_risc de Anestesia (Share 12m: 210%). El seu cicle de compra és de 75 dies. Porta 27 dies sense comprar (-48 dies de coll). Tenia share alt, però en els últims 3 mesos ha caigut substancialment.",0.0
2074,Pontevedra,Bioseguridad,en_risc,3.464,25,63.8,1667.34,-0.75,caiguda_share,0.0,mitja,"Client en_risc de Bioseguridad (Share 12m: 346%). El seu cicle de compra és de 64 dies. Porta 25 dies sense comprar (-39 dies de coll). Tenia share alt, però en els últims 3 mesos ha caigut substancialment.",0.0
2813,Madrid,Anestesia,en_risc,1.858,53,57.0,2223.12,-0.17,caiguda_share,0.0,mitja,"Client en_risc de Anestesia (Share 12m: 186%). El seu cicle de compra és de 57 dies. Porta 53 dies sense comprar (-4 dies de coll). Tenia share alt, però en els últims 3 mesos ha caigut substancialment.",0.0
4797,Madrid,Anestesia,en_risc,1.377,25,84.7,4546.72,-1.38,caiguda_share,0.0,mitja,"Client en_risc de Anestesia (Share 12m: 138%). El seu cicle de compra és de 85 dies. Porta 25 dies sense comprar (-60 dies de coll). Tenia share alt, però en els últims 3 mesos ha caigut substancialment.",0.0
5789,Vizcaya,Anestesia,en_risc,2.47,5,105.5,4546.72,-1.6,caiguda_share,0.0,mitja,"Client en_risc de Anestesia (Share 12m: 247%). El seu cicle de compra és de 105 dies. Porta 5 dies sense comprar (-100 dies de coll). Tenia share alt, però en els últims 3 mesos ha caigut substancialment.",0.0
6656,Madrid,Anestesia,en_risc,1.079,81,37.0,2223.12,2.45,caiguda_share,0.0,alta,"Client en_risc de Anestesia (Share 12m: 108%). El seu cicle de compra és de 37 dies. Porta 81 dies sense comprar (44 dies de coll). Tenia share alt, però en els últims 3 mesos ha caigut substancialment.",0.0
6713,Málaga,Anestesia,en_risc,1.237,46,93.4,2223.12,-1.29,caiguda_share,0.0,mitja,"Client en_risc de Anestesia (Share 12m: 124%). El seu cicle de compra és de 93 dies. Porta 46 dies sense comprar (-47 dies de coll). Tenia share alt, però en els últims 3 mesos ha caigut substancialment.",0.0
7135,Sta.Cruz Tenerife,Bioseguridad,en_risc,2.99,18,44.6,2223.12,-1.28,caiguda_share,0.0,mitja,"Client en_risc de Bioseguridad (Share 12m: 299%). El seu cicle de compra és de 45 dies. Porta 18 dies sense comprar (-27 dies de coll). Tenia share alt, però en els últims 3 mesos ha caigut substancialment.",0.0
7566,Madrid,Bioseguridad,en_risc,1.382,32,252.2,1667.34,-0.52,caiguda_share,0.0,mitja,"Client en_risc de Bioseguridad (Share 12m: 138%). El seu cicle de compra és de 252 dies. Porta 32 dies sense comprar (-220 dies de coll). Tenia share alt, però en els últims 3 mesos ha caigut substancialment.",0.0
7739,Burgos,Anestesia,en_risc,1.052,63,75.3,4546.72,-0.29,caiguda_share,0.0,mitja,"Client en_risc de Anestesia (Share 12m: 105%). El seu cicle de compra és de 75 dies. Porta 63 dies sense comprar (-12 dies de coll). Tenia share alt, però en els últims 3 mesos ha caigut substancialment.",0.0
8239,Badajoz,Bioseguridad,en_risc,4.612,33,63.4,1086.44,-0.84,caiguda_share,0.0,mitja,"Client en_risc de Bioseguridad (Share 12m: 461%). El seu cicle de compra és de 63 dies. Porta 33 dies sense comprar (-30 dies de coll). Tenia share alt, però en els últims 3 mesos ha caigut substancialment.",0.0
11123,Zaragoza,Anestesia,en_risc,1.345,33,24.9,4546.72,0.66,caiguda_share,0.0,mitja,"Client en_risc de Anestesia (Share 12m: 134%). El seu cicle de compra és de 25 dies. Porta 33 dies sense comprar (8 dies de coll). Tenia share alt, però en els últims 3 mesos ha caigut substancialment.",0.0
14674,Almería,Bioseguridad,en_risc,1.912,38,56.3,1667.34,-0.87,caiguda_share,0.0,mitja,"Client en_risc de Bioseguridad (Share 12m: 191%). El seu cicle de compra és de 56 dies. Porta 38 dies sense comprar (-18 dies de coll). Tenia share alt, però en els últims 3 mesos ha caigut substancialment.",0.0
15384,Barcelona,Anestesia,en_risc,1.302,67,58.5,7956.76,0.32,caiguda_share,0.0,mitja,"Client en_risc de Anestesia (Share 12m: 130%). El seu cicle de compra és de 58 dies. Porta 67 dies sense comprar (9 dies de coll). Tenia share alt, però en els últims 3 mesos ha caigut substancialment.",0.0
15652,Almería,Bioseguridad,en_risc,3.701,55,62.8,1086.44,-0.27,caiguda_share,0.0,mitja,"Client en_risc de Bioseguridad (Share 12m: 370%). El seu cicle de compra és de 63 dies. Porta 55 dies sense comprar (-8 dies de coll). Tenia share alt, però en els últims 3 mesos ha caigut substancialment.",0.0
17056,Sta.Cruz Tenerife,Anestesia,en_risc,2826.88,45,85.3,1.0,-0.63,caiguda_share,0.0,mitja,"Client en_risc de Anestesia (Share 12m: 282688%). El seu cicle de compra és de 85 dies. Porta 45 dies sense comprar (-40 dies de coll). Tenia share alt, però en els últims 3 mesos ha caigut substancialment.",0.0
17321,Salamanca,Bioseguridad,en_risc,1.124,74,54.2,4446.24,0.7,caiguda_share,0.0,mitja,"Client en_risc de Bioseguridad (Share 12m: 112%). El seu cicle de compra és de 54 dies. Porta 74 dies sense comprar (20 dies de coll). Tenia share alt, però en els últims 3 mesos ha caigut substancialment.",0.0
18747,Sta.Cruz Tenerife,Bioseguridad,en_risc,1.862,46,67.7,1667.34,-0.76,caiguda_share,0.0,mitja,"Client en_risc de Bioseguridad (Share 12m: 186%). El seu cicle de compra és de 68 dies. Porta 46 dies sense comprar (-22 dies de coll). Tenia share alt, però en els últims 3 mesos ha caigut substancialment.",0.0
19307,Gipúzkoa,Anestesia,en_risc,1.427,67,75.0,2223.12,-0.24,caiguda_share,0.0,mitja,"Client en_risc de Anestesia (Share 12m: 143%). El seu cicle de compra és de 75 dies. Porta 67 dies sense comprar (-8 dies de coll). Tenia share alt, però en els últims 3 mesos ha caigut substancialment.",0.0
19550,Madrid,Bioseguridad,en_risc,2.897,40,91.4,1667.34,-0.47,caiguda_share,0.0,mitja,"Client en_risc de Bioseguridad (Share 12m: 290%). El seu cicle de compra és de 91 dies. Porta 40 dies sense comprar (-51 dies de coll). Tenia share alt, però en els últims 3 mesos ha caigut substancialment.",0.0
20325,Pontevedra,Bioseguridad,en_risc,2.596,47,55.5,2223.12,-0.27,caiguda_share,0.0,mitja,"Client en_risc de Bioseguridad (Share 12m: 260%). El seu cicle de compra és de 56 dies. Porta 47 dies sense comprar (-8 dies de coll). Tenia share alt, però en els últims 3 mesos ha caigut substancialment.",0.0
34441,Barcelona,Anestesia,en_risc,1.222,59,66.1,2223.12,-0.43,caiguda_share,0.0,mitja,"Client en_risc de Anestesia (Share 12m: 122%). El seu cicle de compra és de 66 dies. Porta 59 dies sense comprar (-7 dies de coll). Tenia share alt, però en els últims 3 mesos ha caigut substancialment.",0.0
34945,Madrid,Anestesia,en_risc,1.335,53,306.8,2223.12,-0.49,caiguda_share,0.0,mitja,"Client en_risc de Anestesia (Share 12m: 134%). El seu cicle de compra és de 307 dies. Porta 53 dies sense comprar (-254 dies de coll). Tenia share alt, però en els últims 3 mesos ha caigut substancialment.",0.0
1000068212,Madrid,Anestesia,en_risc,1.135,28,74.2,3410.04,-1.16,caiguda_share,0.0,mitja,"Client en_risc de Anestesia (Share 12m: 113%). El seu cicle de compra és de 74 dies. Porta 28 dies sense comprar (-46 dies de coll). Tenia share alt, però en els últims 3 mesos ha caigut substancialment.",0.0
1000036781,Murcia,Bioseguridad,en_risc,1.839,14,98.0,1086.44,-2.56,caiguda_share,0.0,mitja,"Client en_risc de Bioseguridad (Share 12m: 184%). El seu cicle de compra és de 98 dies. Porta 14 dies sense comprar (-84 dies de coll). Tenia share alt, però en els últims 3 mesos ha caigut substancialment.",0.0
238,Sevilla,Anestesia,en_risc,2.014,13,85.9,4546.72,-1.59,caiguda_share,0.0,mitja,"Client en_risc de Anestesia (Share 12m: 201%). El seu cicle de compra és de 86 dies. Porta 13 dies sense comprar (-73 dies de coll). Tenia share alt, però en els últims 3 mesos ha caigut substancialment.",0.0
41522,Sta.Cruz Tenerife,Anestesia,en_risc,1.016,90,131.8,2223.12,-0.43,caiguda_share,0.0,mitja,"Client en_risc de Anestesia (Share 12m: 102%). El seu cicle de compra és de 132 dies. Porta 90 dies sense comprar (-42 dies de coll). Tenia share alt, però en els últims 3 mesos ha caigut substancialment.",0.0
41996,Granada,Bioseguridad,en_risc,3.005,42,69.3,1667.34,-0.6,caiguda_share,0.0,mitja,"Client en_risc de Bioseguridad (Share 12m: 301%). El seu cicle de compra és de 69 dies. Porta 42 dies sense comprar (-27 dies de coll). Tenia share alt, però en els últims 3 mesos ha caigut substancialment.",0.0
42239,Badajoz,Anestesia,en_risc,1.044,56,59.8,2223.12,-0.14,caiguda_share,0.0,mitja,"Client en_risc de Anestesia (Share 12m: 104%). El seu cicle de compra és de 60 dies. Porta 56 dies sense comprar (-4 dies de coll). Tenia share alt, però en els últims 3 mesos ha caigut substancialment.",0.0
42288,Sevilla,Bioseguridad,en_risc,3.118,12,56.7,2223.12,-0.97,caiguda_share,0.0,mitja,"Client en_risc de Bioseguridad (Share 12m: 312%). El seu cicle de compra és de 57 dies. Porta 12 dies sense comprar (-45 dies de coll). Tenia share alt, però en els últims 3 mesos ha caigut substancialment.",0.0
42518,Albacete,Bioseguridad,en_risc,1.275,59,68.4,2223.12,-0.22,caiguda_share,0.0,mitja,"Client en_risc de Bioseguridad (Share 12m: 128%). El seu cicle de compra és de 68 dies. Porta 59 dies sense comprar (-9 dies de coll). Tenia share alt, però en els últims 3 mesos ha caigut substancialment.",0.0
42574,Madrid,Anestesia,en_risc,1.075,56,91.8,3410.04,-1.62,caiguda_share,0.0,mitja,"Client en_risc de Anestesia (Share 12m: 107%). El seu cicle de compra és de 92 dies. Porta 56 dies sense comprar (-36 dies de coll). Tenia share alt, però en els últims 3 mesos ha caigut substancialment.",0.0
42805,Ciudad Real,Anestesia,en_risc,1.188,89,57.9,2223.12,1.44,caiguda_share,0.0,alta,"Client en_risc de Anestesia (Share 12m: 119%). El seu cicle de compra és de 58 dies. Porta 89 dies sense comprar (31 dies de coll). Tenia share alt, però en els últims 3 mesos ha caigut substancialment.",0.0
43010,Madrid,Anestesia,en_risc,1.35,40,88.3,2223.12,-1.24,caiguda_share,0.0,mitja,"Client en_risc de Anestesia (Share 12m: 135%). El seu cicle de compra és de 88 dies. Porta 40 dies sense comprar (-48 dies de coll). Tenia share alt, però en els últims 3 mesos ha caigut substancialment.",0.0
43018,Madrid,Bioseguridad,en_risc,1.78,76,32.0,1086.44,2.6,caiguda_share,0.0,alta,"Client en_risc de Bioseguridad (Share 12m: 178%). El seu cicle de compra és de 32 dies. Porta 76 dies sense comprar (44 dies de coll). Tenia share alt, però en els últims 3 mesos ha caigut substancialment.",0.0
1000037512,Girona,Bioseguridad,en_risc,2.209,41,83.7,1086.44,-0.45,caiguda_share,0.0,mitja,"Client en_risc de Bioseguridad (Share 12m: 221%). El seu cicle de compra és de 84 dies. Porta 41 dies sense comprar (-43 dies de coll). Tenia share alt, però en els últims 3 mesos ha caigut substancialment.",0.0
35837,Madrid,Bioseguridad,en_risc,1.202,55,44.1,2778.9,0.42,caiguda_share,0.0,mitja,"Client en_risc de Bioseguridad (Share 12m: 120%). El seu cicle de compra és de 44 dies. Porta 55 dies sense comprar (11 dies de coll). Tenia share alt, però en els últims 3 mesos ha caigut substancialment.",0.0
1000037667,Las Palmas,Anestesia,en_risc,1.695,17,71.0,3410.04,-1.81,caiguda_share,0.0,mitja,"Client en_risc de Anestesia (Share 12m: 169%). El seu cicle de compra és de 71 dies. Porta 17 dies sense comprar (-54 dies de coll). Tenia share alt, però en els últims 3 mesos ha caigut substancialment.",0.0
1000042307,Ciudad Real,Bioseguridad,en_risc,2.233,26,105.5,879.2,-1.23,caiguda_share,0.0,mitja,"Client en_risc de Bioseguridad (Share 12m: 223%). El seu cicle de compra és de 105 dies. Porta 26 dies sense comprar (-79 dies de coll). Tenia share alt, però en els últims 3 mesos ha caigut substancialment.",0.0
1000057514,Madrid,Anestesia,en_risc,1.048,90,71.1,2223.12,0.4,caiguda_share,0.0,mitja,"Client en_risc de Anestesia (Share 12m: 105%). El seu cicle de compra és de 71 dies. Porta 90 dies sense comprar (19 dies de coll). Tenia share alt, però en els últims 3 mesos ha caigut substancialment.",0.0
1000058448,Madrid,Bioseguridad,en_risc,1.086,84,98.6,1086.44,-0.31,caiguda_share,0.0,mitja,"Client en_risc de Bioseguridad (Share 12m: 109%). El seu cicle de compra és de 99 dies. Porta 84 dies sense comprar (-15 dies de coll). Tenia share alt, però en els últims 3 mesos ha caigut substancialment.",0.0
1000061370,Madrid,Bioseguridad,en_risc,1.829,46,95.2,1086.44,-0.85,caiguda_share,0.0,mitja,"Client en_risc de Bioseguridad (Share 12m: 183%). El seu cicle de compra és de 95 dies. Porta 46 dies sense comprar (-49 dies de coll). Tenia share alt, però en els últims 3 mesos ha caigut substancialment.",0.0
1000061999,Málaga,Anestesia,en_risc,1.47,59,70.1,1802.36,-0.43,caiguda_share,0.0,mitja,"Client en_risc de Anestesia (Share 12m: 147%). El seu cicle de compra és de 70 dies. Porta 59 dies sense comprar (-11 dies de coll). Tenia share alt, però en els últims 3 mesos ha caigut substancialment.",0.0
1000064950,Barcelona,Bioseguridad,en_risc,4.816,27,41.5,2223.12,-0.55,caiguda_share,0.0,mitja,"Client en_risc de Bioseguridad (Share 12m: 482%). El seu cicle de compra és de 42 dies. Porta 27 dies sense comprar (-15 dies de coll). Tenia share alt, però en els últims 3 mesos ha caigut substancialment.",0.0
1000066450,Madrid,Bioseguridad,en_risc,1.84,81,140.6,1086.44,-0.32,caiguda_share,0.0,mitja,"Client en_risc de Bioseguridad (Share 12m: 184%). El seu cicle de compra és de 141 dies. Porta 81 dies sense comprar (-60 dies de coll). Tenia share alt, però en els últims 3 mesos ha caigut substancialment.",0.0
1000066475,Sta.Cruz Tenerife,Bioseguridad,en_risc,3.405,39,34.2,2223.12,0.31,caiguda_share,0.0,mitja,"Client en_risc de Bioseguridad (Share 12m: 340%). El seu cicle de compra és de 34 dies. Porta 39 dies sense comprar (5 dies de coll). Tenia share alt, però en els últims 3 mesos ha caigut substancialment.",0.0
1000067889,Huelva,Anestesia,en_risc,1.276,48,47.9,2223.12,0.01,caiguda_share,0.0,mitja,"Client en_risc de Anestesia (Share 12m: 128%). El seu cicle de compra és de 48 dies. Porta 48 dies sense comprar (0 dies de coll). Tenia share alt, però en els últims 3 mesos ha caigut substancialment.",0.0
41480,Barcelona,Anestesia,en_risc,2.583,12,69.1,2223.12,-1.67,caiguda_share,0.0,mitja,"Client en_risc de Anestesia (Share 12m: 258%). El seu cicle de compra és de 69 dies. Porta 12 dies sense comprar (-57 dies de coll). Tenia share alt, però en els últims 3 mesos ha caigut substancialment.",0.0
41394,Almería,Anestesia,en_risc,1.958,17,36.8,1802.36,-0.67,caiguda_share,0.0,mitja,"Client en_risc de Anestesia (Share 12m: 196%). El seu cicle de compra és de 37 dies. Porta 17 dies sense comprar (-20 dies de coll). Tenia share alt, però en els últims 3 mesos ha caigut substancialment.",0.0
41332,Málaga,Anestesia,en_risc,1.454,42,106.2,2223.12,-0.45,caiguda_share,0.0,mitja,"Client en_risc de Anestesia (Share 12m: 145%). El seu cicle de compra és de 106 dies. Porta 42 dies sense comprar (-64 dies de coll). Tenia share alt, però en els últims 3 mesos ha caigut substancialment.",0.0
40659,Tarragona,Anestesia,en_risc,1.192,56,95.9,2223.12,-0.5,caiguda_share,0.0,mitja,"Client en_risc de Anestesia (Share 12m: 119%). El seu cicle de compra és de 96 dies. Porta 56 dies sense comprar (-40 dies de coll). Tenia share alt, però en els últims 3 mesos ha caigut substancialment.",0.0
35847,Valencia,Anestesia,en_risc,1.326,59,46.7,4546.72,0.51,caiguda_share,0.0,mitja,"Client en_risc de Anestesia (Share 12m: 133%). El seu cicle de compra és de 47 dies. Porta 59 dies sense comprar (12 dies de coll). Tenia share alt, però en els últims 3 mesos ha caigut substancialment.",0.0
36993,Girona,Anestesia,en_risc,1.448,45,100.1,3410.04,-1.15,caiguda_share,0.0,mitja,"Client en_risc de Anestesia (Share 12m: 145%). El seu cicle de compra és de 100 dies. Porta 45 dies sense comprar (-55 dies de coll). Tenia share alt, però en els últims 3 mesos ha caigut substancialment.",0.0
36993,Girona,Bioseguridad,en_risc,3.351,67,112.0,1667.34,-0.71,caiguda_share,0.0,mitja,"Client en_risc de Bioseguridad (Share 12m: 335%). El seu cicle de compra és de 112 dies. Porta 67 dies sense comprar (-45 dies de coll). Tenia share alt, però en els últims 3 mesos ha caigut substancialment.",0.0
37111,Navarra,Anestesia,en_risc,1.407,10,81.5,4546.72,-1.26,caiguda_share,0.0,mitja,"Client en_risc de Anestesia (Share 12m: 141%). El seu cicle de compra és de 82 dies. Porta 10 dies sense comprar (-72 dies de coll). Tenia share alt, però en els últims 3 mesos ha caigut substancialment.",0.0
37331,Badajoz,Anestesia,en_risc,2.07,53,31.1,3410.04,0.92,caiguda_share,0.0,mitja,"Client en_risc de Anestesia (Share 12m: 207%). El seu cicle de compra és de 31 dies. Porta 53 dies sense comprar (22 dies de coll). Tenia share alt, però en els últims 3 mesos ha caigut substancialment.",0.0
37364,Ceuta,Anestesia,en_risc,1.791,54,79.9,3410.04,-0.39,caiguda_share,0.0,mitja,"Client en_risc de Anestesia (Share 12m: 179%). El seu cicle de compra és de 80 dies. Porta 54 dies sense comprar (-26 dies de coll). Tenia share alt, però en els últims 3 mesos ha caigut substancialment.",0.0
37620,Madrid,Bioseguridad,en_risc,1.921,13,139.0,879.2,-1.81,caiguda_share,0.0,mitja,"Client en_risc de Bioseguridad (Share 12m: 192%). El seu cicle de compra és de 139 dies. Porta 13 dies sense comprar (-126 dies de coll). Tenia share alt, però en els últims 3 mesos ha caigut substancialment.",0.0
37974,Gipúzkoa,Anestesia,en_risc,1.695,7,59.4,2223.12,-1.2,caiguda_share,0.0,mitja,"Client en_risc de Anestesia (Share 12m: 170%). El seu cicle de compra és de 59 dies. Porta 7 dies sense comprar (-52 dies de coll). Tenia share alt, però en els últims 3 mesos ha caigut substancialment.",0.0
38500,Ciudad Real,Bioseguridad,en_risc,1.263,87,40.1,1086.44,1.42,caiguda_share,0.0,alta,"Client en_risc de Bioseguridad (Share 12m: 126%). El seu cicle de compra és de 40 dies. Porta 87 dies sense comprar (47 dies de coll). Tenia share alt, però en els últims 3 mesos ha caigut substancialment.",0.0
38501,Toledo,Bioseguridad,en_risc,1.231,81,46.8,1086.44,0.89,caiguda_share,0.0,mitja,"Client en_risc de Bioseguridad (Share 12m: 123%). El seu cicle de compra és de 47 dies. Porta 81 dies sense comprar (34 dies de coll). Tenia share alt, però en els últims 3 mesos ha caigut substancialment.",0.0
38579,Sevilla,Bioseguridad,en_risc,3.504,46,31.2,1667.34,0.65,caiguda_share,0.0,mitja,"Client en_risc de Bioseguridad (Share 12m: 350%). El seu cicle de compra és de 31 dies. Porta 46 dies sense comprar (15 dies de coll). Tenia share alt, però en els últims 3 mesos ha caigut substancialment.",0.0
38760,Ciudad Real,Anestesia,en_risc,1.055,69,30.6,2223.12,2.75,caiguda_share,0.0,alta,"Client en_risc de Anestesia (Share 12m: 105%). El seu cicle de compra és de 31 dies. Porta 69 dies sense comprar (38 dies de coll). Tenia share alt, però en els últims 3 mesos ha caigut substancialment.",0.0
39127,Soria,Anestesia,en_risc,3.225,33,41.4,3410.04,-0.24,caiguda_share,0.0,mitja,"Client en_risc de Anestesia (Share 12m: 323%). El seu cicle de compra és de 41 dies. Porta 33 dies sense comprar (-8 dies de coll). Tenia share alt, però en els últims 3 mesos ha caigut substancialment.",0.0
39127,Soria,Bioseguridad,en_risc,7.031,33,26.7,1667.34,0.38,caiguda_share,0.0,mitja,"Client en_risc de Bioseguridad (Share 12m: 703%). El seu cicle de compra és de 27 dies. Porta 33 dies sense comprar (6 dies de coll). Tenia share alt, però en els últims 3 mesos ha caigut substancialment.",0.0
39183,Granada,Anestesia,en_risc,1.523,40,70.0,2223.12,-0.38,caiguda_share,0.0,mitja,"Client en_risc de Anestesia (Share 12m: 152%). El seu cicle de compra és de 70 dies. Porta 40 dies sense comprar (-30 dies de coll). Tenia share alt, però en els últims 3 mesos ha caigut substancialment.",0.0
39294,Valladolid,Anestesia,en_risc,1.542,32,86.8,3410.04,-1.44,caiguda_share,0.0,mitja,"Client en_risc de Anestesia (Share 12m: 154%). El seu cicle de compra és de 87 dies. Porta 32 dies sense comprar (-55 dies de coll). Tenia share alt, però en els últims 3 mesos ha caigut substancialment.",0.0
39718,Málaga,Bioseguridad,en_risc,1.843,46,125.0,1086.44,-0.83,caiguda_share,0.0,mitja,"Client en_risc de Bioseguridad (Share 12m: 184%). El seu cicle de compra és de 125 dies. Porta 46 dies sense comprar (-79 dies de coll). Tenia share alt, però en els últims 3 mesos ha caigut substancialment.",0.0
39965,Albacete,Anestesia,en_risc,1.452,59,58.9,4546.72,0.0,caiguda_share,0.0,mitja,"Client en_risc de Anestesia (Share 12m: 145%). El seu cicle de compra és de 59 dies. Porta 59 dies sense comprar (0 dies de coll). Tenia share alt, però en els últims 3 mesos ha caigut substancialment.",0.0
40320,Las Palmas,Bioseguridad,en_risc,1.896,87,61.9,2223.12,0.43,caiguda_share,0.0,mitja,"Client en_risc de Bioseguridad (Share 12m: 190%). El seu cicle de compra és de 62 dies. Porta 87 dies sense comprar (25 dies de coll). Tenia share alt, però en els últims 3 mesos ha caigut substancialment.",0.0
40439,Zaragoza,Bioseguridad,en_risc,1.123,47,32.6,4446.24,0.79,caiguda_share,0.0,mitja,"Client en_risc de Bioseguridad (Share 12m: 112%). El seu cicle de compra és de 33 dies. Porta 47 dies sense comprar (14 dies de coll). Tenia share alt, però en els últims 3 mesos ha caigut substancialment.",0.0
40622,Granada,Anestesia,en_risc,1.705,26,34.1,3410.04,-0.57,caiguda_share,0.0,mitja,"Client en_risc de Anestesia (Share 12m: 171%). El seu cicle de compra és de 34 dies. Porta 26 dies sense comprar (-8 dies de coll). Tenia share alt, però en els últims 3 mesos ha caigut substancialment.",0.0
41509,Cuenca,Bioseguridad,en_risc,2.582,83,93.2,1086.44,-0.38,caiguda_share,0.0,mitja,"Client en_risc de Bioseguridad (Share 12m: 258%). El seu cicle de compra és de 93 dies. Porta 83 dies sense comprar (-10 dies de coll). Tenia share alt, però en els últims 3 mesos ha caigut substancialment.",0.0
